,efficiency,quality,end_time,start_time,time_offset,update_time,create_time,sleep_duration_in_hour,Date,week_day,year_month,sleep_start_hour,sleep_wakeup_hour,next_start_time,next_end_time,delta
55,94.902916,,2017-12-16 06:53:00.000,2017-12-16 00:02:00.000,UTC-0500,2017-12-16 07:08:04.768,2017-12-16 07:08:04.768,6.85,2017-12-16,Saturday,2017-12,0,6,2017-12-17 22:31:00.000,2017-12-18 06:42:00.000,15.633333333333333
300,96.34146,,2017-12-18 06:42:00.000,2017-12-17 22:31:00.000,UTC-0500,2017-12-18 06:57:19.246,2017-12-18 06:57:19.246,8.183333333333334,2017-12-17,Sunday,2017-12,22,6,2017-12-19 22:55:00.000,2017-12-22 12:18:00.000,16.216666666666665
78,93.174065,,2017-12-22 12:18:00.000,2017-12-19 22:55:00.000,UTC-0500,2017-12-20 03:57:23.977,2017-12-20 03:57:23.977,13.383333333333333,2017-12-19,Tuesday,2017-12,22,3,2017-12-23 04:48:00.000,2017-12-23 10:10:00.000,16.5
291,93.18885,,2017-12-23 10:10:00.000,2017-12-23 04:48:00.000,UTC-0800,2017-12-23 10:25:03.272,2017-12-23 10:25:03.272,5.366666666666666,2017-12-23,Saturday,2017-12,4,10,2017-12-24 00:31:00.000,2017-12-24 09:17:00.000,14.35
228,94.117645,,2017-12-24 09:17:00.000,2017-12-24 00:31:00.000,UTC-0800,2017-12-24 09:32:13.273,2017-12-24 09:32:13.273,8.766666666666667,2017-12-24,Sunday,2017-12,0,9,2017-12-24 23:52:00.000,2017-12-25 09:15:00.000,14.583333333333334
326,93.26241,,2017-12-25 09:15:00.000,2017-12-24 23:52:00.000,UTC-0800,2017-12-25 09:30:01.316,2017-12-25 09:30:01.316,9.383333333333333,2017-12-24,Sunday,2017-12,23,9,2017-12-25 18:16:00.000,2017-12-25 20:09:00.000,9.016666666666667
214,88.5965,,2017-12-25 20:09:00.000,2017-12-25 18:16:00.000,UTC-0800,2017-12-25 20:11:08.813,2017-12-25 20:11:08.813,1.8833333333333333,2017-12-25,Monday,2017-12,18,20,2017-12-26 05:34:00.000,2017-12-26 12:03:00.000,9.416666666666666
462,92.05128,,2017-12-26 12:03:00.000,2017-12-26 05:34:00.000,UTC-0800,2017-12-26 12:17:55.283,2017-12-26 12:17:55.283,6.483333333333333,2017-12-26,Tuesday,2017-12,5,12,2017-12-28 01:38:00.000,2017-12-28 10:43:00.000,13.583333333333334
363,89.926735,,2017-12-28 10:43:00.000,2017-12-28 01:38:00.000,UTC-0800,2017-12-28 10:44:48.771,2017-12-28 10:44:48.771,9.083333333333334,2017-12-28,Thursday,2017-12,1,10,2017-12-29 04:03:00.000,2017-12-29 12:18:00.000,17.333333333333332
158,90.120964,,2017-12-29 12:18:00.000,2017-12-29 04:03:00.000,UTC-0800,2017-12-29 12:33:04.308,2017-12-29 12:33:04.308,8.25,2017-12-29,Friday,2017-12,4,12,2017-12-30 02:25:00.000,2017-12-30 11:09:00.000,14.116666666666667
292,92.952385,,2017-12-30 11:09:00.000,2017-12-30 02:25:00.000,UTC-0800,2017-12-30 11:11:08.703,2017-12-30 11:11:08.703,8.733333333333333,2017-12-30,Saturday,2017-12,2,11,2017-12-31 00:53:00.000,2017-12-31 10:39:00.000,13.733333333333333
416,89.778534,,2017-12-31 10:39:00.000,2017-12-31 00:53:00.000,UTC-0800,2017-12-31 10:40:38.924,2017-12-31 10:40:38.924,9.766666666666667,2017-12-31,Sunday,2017-12,0,10,2018-01-01 01:20:00.000,2018-01-01 10:29:00.000,14.683333333333334
148,88.6121,,2018-01-01 10:29:00.000,2018-01-01 01:20:00.000,UTC-0800,2018-01-01 06:15:09.322,2018-01-01 06:15:09.322,9.15,2018-01-01,Monday,2018-01,1,6,2018-01-02 02:10:00.000,2018-01-02 08:08:00.000,15.683333333333334
205,93.593315,,2018-01-02 08:08:00.000,2018-01-02 02:10:00.000,UTC-0500,2018-01-02 08:09:49.626,2018-01-02 08:09:49.626,5.966666666666667,2018-01-02,Tuesday,2018-01,2,8,2018-01-02 21:56:00.000,2018-01-03 00:05:00.000,13.8
486,72.72726999999998,,2018-01-03 00:05:00.000,2018-01-02 21:56:00.000,UTC-0500,2018-01-02 23:02:18.717,2018-01-02 23:02:18.717,2.15,2018-01-02,Tuesday,2018-01,21,23,2018-01-03 23:15:00.000,2018-01-04 06:23:00.000,23.166666666666668
94,92.056076,,2018-01-04 06:23:00.000,2018-01-03 23:15:00.000,UTC-0500,2018-01-04 06:23:54.445,2018-01-04 06:23:54.445,7.133333333333334,2018-01-03,Wednesday,2018-01,23,6,2018-01-04 23:54:00.000,2018-01-05 08:41:00.000,17.516666666666666
11,93.75,,2018-01-05 08:41:00.000,2018-01-04 23:54:00.000,UTC-0500,2018-01-05 08:44:59.850,2018-01-05 08:44:59.850,8.783333333333333,2018-01-04,Thursday,2018-01,23,8,2018-01-05 23:14:00.000,2018-01-06 08:52:00.000,14.55
215,92.21453,,2018-01-06 08:52:00.000,2018-01-05 23:14:00.000,UTC-0500,2018-01-06 08:53:19.438,2018-01-06 08:53:19.438,9.633333333333333,2018-01-05,Friday,2018-01,23,8,2018-01-06 23:46:00.000,2018-01-07 03:58:00.000,14.9
356,90.909096,,2018-01-07 03:58:00.000,2018-01-06 23:46:00.000,UTC-0500,2018-01-07 04:12:34.278,2018-01-07 04:12:34.278,4.2,2018-01-06,Saturday,2018-01,23,3,2018-01-07 06:21:00.000,2018-01-07 09:01:00.000,2.3833333333333333
50,91.30435,,2018-01-07 09:01:00.000,2018-01-07 06:21:00.000,UTC-0500,2018-01-07 09:15:59.770,2018-01-07 09:15:59.770,2.6666666666666665,2018-01-07,Sunday,2018-01,6,9,2018-01-07 21:28:00.000,2018-01-08 06:39:00.000,12.45
403,91.66667,,2018-01-08 06:39:00.000,2018-01-07 21:28:00.000,UTC-0500,2018-01-08 06:45:13.936,2018-01-08 06:45:13.936,9.183333333333334,2018-01-07,Sunday,2018-01,21,6,2018-01-08 23:17:00.000,2018-01-09 06:38:00.000,16.633333333333333
180,95.47511,50003.0,2018-01-09 06:38:00.000,2018-01-08 23:17:00.000,UTC-0500,2018-01-09 19:19:59.968,2018-01-09 06:53:22.279,7.35,2018-01-08,Monday,2018-01,23,6,2018-01-09 22:55:00.000,2018-01-10 05:55:00.000,16.283333333333335
65,93.34917,,2018-01-10 05:55:00.000,2018-01-09 22:55:00.000,UTC-0500,2018-01-10 05:58:08.509,2018-01-10 05:58:08.509,7.0,2018-01-09,Tuesday,2018-01,22,5,2018-01-10 22:30:00.000,2018-01-11 06:06:00.000,16.583333333333332
298,91.46608,,2018-01-11 06:06:00.000,2018-01-10 22:30:00.000,UTC-0500,2018-01-11 06:07:35.890,2018-01-11 06:07:35.890,7.6,2018-01-10,Wednesday,2018-01,22,6,2018-01-11 22:34:00.000,2018-01-12 04:54:00.000,16.466666666666665
368,91.33858,,2018-01-12 04:54:00.000,2018-01-11 22:34:00.000,UTC-0500,2018-01-12 04:56:08.470,2018-01-12 04:56:08.470,6.333333333333333,2018-01-11,Thursday,2018-01,22,4,2018-01-12 21:54:00.000,2018-01-13 06:43:00.000,17.0
427,95.84905,,2018-01-13 06:43:00.000,2018-01-12 21:54:00.000,UTC-0500,2018-01-13 06:44:37.870,2018-01-13 06:44:37.870,8.816666666666666,2018-01-12,Friday,2018-01,21,6,2018-01-13 22:25:00.000,2018-01-14 06:07:00.000,15.7
464,94.58239,,2018-01-14 06:07:00.000,2018-01-13 22:25:00.000,UTC-0500,2018-01-14 05:48:27.980,2018-01-14 05:48:27.980,7.7,2018-01-13,Saturday,2018-01,22,5,2018-01-14 22:57:00.000,2018-01-15 05:21:00.000,16.833333333333332
92,91.42857,,2018-01-15 05:21:00.000,2018-01-14 22:57:00.000,UTC-0500,2018-01-15 05:23:30.491,2018-01-15 05:23:30.491,6.4,2018-01-14,Sunday,2018-01,22,5,2018-01-15 22:13:00.000,2018-01-16 05:55:00.000,16.866666666666667
389,93.520515,,2018-01-16 05:55:00.000,2018-01-15 22:13:00.000,UTC-0500,2018-01-16 05:56:14.981,2018-01-16 05:56:14.981,7.7,2018-01-15,Monday,2018-01,22,5,2018-01-16 22:23:00.000,2018-01-17 05:47:00.000,16.466666666666665
161,93.70786,,2018-01-17 05:47:00.000,2018-01-16 22:23:00.000,UTC-0500,2018-01-17 05:49:55.702,2018-01-17 05:49:55.702,7.4,2018-01-16,Tuesday,2018-01,22,5,2018-01-17 22:17:00.000,2018-01-18 05:10:00.000,16.5
479,95.89372,,2018-01-18 05:10:00.000,2018-01-17 22:17:00.000,UTC-0500,2018-01-18 05:12:18.173,2018-01-18 05:12:18.173,6.883333333333334,2018-01-17,Wednesday,2018-01,22,5,2018-01-18 21:38:00.000,2018-01-19 05:55:00.000,16.466666666666665
320,92.36948,50002.0,2018-01-19 05:55:00.000,2018-01-18 21:38:00.000,UTC-0500,2018-01-19 10:00:40.786,2018-01-19 05:56:52.702,8.283333333333333,2018-01-18,Thursday,2018-01,21,5,2018-01-20 22:27:00.000,2018-01-21 06:09:00.000,16.533333333333335
256,92.656586,50003.0,2018-01-21 06:09:00.000,2018-01-20 22:27:00.000,UTC-0500,2018-01-21 08:08:03.027,2018-01-21 06:24:11.322,7.7,2018-01-20,Saturday,2018-01,22,6,2018-01-21 21:32:00.000,2018-01-22 07:20:00.000,15.383333333333333
492,91.30435,,2018-01-22 07:20:00.000,2018-01-21 21:32:00.000,UTC-0500,2018-01-22 06:23:49.072,2018-01-22 06:23:49.072,9.8,2018-01-21,Sunday,2018-01,21,6,2018-01-22 22:23:00.000,2018-01-23 06:15:00.000,15.05
400,93.65751,,2018-01-23 06:15:00.000,2018-01-22 22:23:00.000,UTC-0500,2018-01-23 06:19:01.756,2018-01-23 06:19:01.756,7.866666666666666,2018-01-22,Monday,2018-01,22,6,2018-01-23 23:00:00.000,2018-01-24 05:44:00.000,16.75
406,92.34568,50003.0,2018-01-24 05:44:00.000,2018-01-23 23:00:00.000,UTC-0500,2018-01-25 07:17:39.141,2018-01-24 05:47:38.390,6.733333333333333,2018-01-23,Tuesday,2018-01,23,5,2018-01-24 22:41:00.000,2018-01-25 04:55:00.000,16.95
117,93.066666,50003.0,2018-01-25 04:55:00.000,2018-01-24 22:41:00.000,UTC-0500,2018-01-25 07:18:39.997,2018-01-25 05:09:48.313,6.233333333333333,2018-01-24,Wednesday,2018-01,22,4,2018-01-25 20:56:00.000,2018-01-26 07:13:00.000,16.016666666666666
130,95.631065,50004.0,2018-01-26 07:13:00.000,2018-01-25 20:56:00.000,UTC-0500,2018-01-26 09:02:31.179,2018-01-26 07:27:46.292,10.283333333333333,2018-01-25,Thursday,2018-01,20,7,2018-01-26 23:47:00.000,2018-01-27 06:14:00.000,16.566666666666666
445,90.50445,50003.0,2018-01-27 06:14:00.000,2018-01-26 23:47:00.000,UTC-0500,2018-01-27 08:27:35.366,2018-01-27 05:37:59.282,6.45,2018-01-26,Friday,2018-01,23,5,2018-01-27 23:06:00.000,2018-01-28 06:58:00.000,16.866666666666667
230,92.17759,50004.0,2018-01-28 06:58:00.000,2018-01-27 23:06:00.000,UTC-0500,2018-01-28 07:28:42.293,2018-01-28 06:59:25.213,7.866666666666666,2018-01-27,Saturday,2018-01,23,6,2018-01-28 22:27:00.000,2018-01-29 04:49:00.000,15.483333333333333
106,92.24138,,2018-01-29 04:49:00.000,2018-01-28 22:27:00.000,UTC-0500,2018-01-29 04:29:05.301,2018-01-29 04:29:05.301,6.366666666666666,2018-01-28,Sunday,2018-01,22,4,2018-01-29 21:43:00.000,2018-01-30 06:21:00.000,16.9
381,93.641624,50004.0,2018-01-30 06:21:00.000,2018-01-29 21:43:00.000,UTC-0500,2018-01-30 08:17:47.011,2018-01-30 06:36:10.297,8.633333333333333,2018-01-29,Monday,2018-01,21,6,2018-01-30 21:59:00.000,2018-01-31 06:24:00.000,15.633333333333333
446,95.454544,50004.0,2018-01-31 06:24:00.000,2018-01-30 21:59:00.000,UTC-0500,2018-01-31 08:22:26.345,2018-01-31 06:31:27.503,8.416666666666666,2018-01-30,Tuesday,2018-01,21,6,2018-01-31 22:14:00.000,2018-02-01 06:37:00.000,15.833333333333334
58,92.65873,,2018-02-01 06:37:00.000,2018-01-31 22:14:00.000,UTC-0500,2018-02-01 06:52:05.260,2018-02-01 06:52:05.260,8.383333333333333,2018-01-31,Wednesday,2018-01,22,6,2018-02-01 21:38:00.000,2018-02-02 07:14:00.000,15.016666666666667
223,91.681114,50002.0,2018-02-02 07:14:00.000,2018-02-01 21:38:00.000,UTC-0500,2018-02-02 07:41:38.616,2018-02-02 07:19:57.042,9.6,2018-02-01,Thursday,2018-02,21,7,2018-02-02 21:45:00.000,2018-02-03 04:32:00.000,14.516666666666667
249,95.09804,50003.0,2018-02-03 04:32:00.000,2018-02-02 21:45:00.000,UTC-0500,2018-02-03 04:48:15.220,2018-02-03 04:33:13.816,6.783333333333333,2018-02-02,Friday,2018-02,21,4,2018-02-03 22:17:00.000,2018-02-04 06:09:00.000,17.75
246,94.291756,50004.0,2018-02-04 06:09:00.000,2018-02-03 22:17:00.000,UTC-0500,2018-02-04 06:38:21.946,2018-02-04 06:20:31.660,7.866666666666666,2018-02-03,Saturday,2018-02,22,6,2018-02-04 22:23:00.000,2018-02-05 05:42:00.000,16.233333333333334
83,94.545456,50004.0,2018-02-05 05:42:00.000,2018-02-04 22:23:00.000,UTC-0500,2018-02-05 06:06:18.310,2018-02-05 05:53:49.697,7.316666666666666,2018-02-04,Sunday,2018-02,22,5,2018-02-05 22:24:00.000,2018-02-06 05:32:00.000,16.7
485,90.909096,,2018-02-06 05:32:00.000,2018-02-05 22:24:00.000,UTC-0500,2018-02-06 05:33:58.988,2018-02-06 05:33:58.988,7.133333333333334,2018-02-05,Monday,2018-02,22,5,2018-02-06 22:03:00.000,2018-02-07 06:07:00.000,16.516666666666666
190,91.331924,50003.0,2018-02-07 06:07:00.000,2018-02-06 22:03:00.000,UTC-0500,2018-02-07 08:30:45.789,2018-02-07 06:21:36.349,8.066666666666666,2018-02-06,Tuesday,2018-02,22,6,2018-02-07 22:59:00.000,2018-02-08 05:12:00.000,16.866666666666667
436,87.70053,50003.0,2018-02-08 05:12:00.000,2018-02-07 22:59:00.000,UTC-0500,2018-02-08 05:29:57.638,2018-02-08 05:13:49.145,6.216666666666667,2018-02-07,Wednesday,2018-02,22,5,2018-02-08 22:00:00.000,2018-02-09 04:18:00.000,16.8
18,87.598946,50003.0,2018-02-09 04:18:00.000,2018-02-08 22:00:00.000,UTC-0500,2018-02-09 05:19:20.353,2018-02-09 04:20:11.192,6.3,2018-02-08,Thursday,2018-02,22,4,2018-02-09 22:55:00.000,2018-02-10 05:52:00.000,18.616666666666667
299,92.82297,50003.0,2018-02-10 05:52:00.000,2018-02-09 22:55:00.000,UTC-0500,2018-02-10 06:10:48.126,2018-02-10 06:01:59.172,6.95,2018-02-09,Friday,2018-02,22,5,2018-02-10 11:52:00.000,2018-02-10 14:19:00.000,6.0
243,95.945946,,2018-02-10 14:19:00.000,2018-02-10 11:52:00.000,UTC-0500,2018-02-10 14:33:51.280,2018-02-10 14:33:51.280,2.45,2018-02-10,Saturday,2018-02,11,14,2018-02-10 22:17:00.000,2018-02-11 05:44:00.000,7.966666666666667
333,91.29464,50003.0,2018-02-11 05:44:00.000,2018-02-10 22:17:00.000,UTC-0500,2018-02-11 06:03:21.840,2018-02-11 05:46:01.384,7.45,2018-02-10,Saturday,2018-02,22,5,2018-02-11 22:04:00.000,2018-02-12 06:02:00.000,16.333333333333332
118,93.94572,50003.0,2018-02-12 06:02:00.000,2018-02-11 22:04:00.000,UTC-0500,2018-02-12 08:04:20.886,2018-02-12 06:17:11.299,7.966666666666667,2018-02-11,Sunday,2018-02,22,6,2018-02-12 21:47:00.000,2018-02-13 05:45:00.000,15.75
200,92.90188,50003.0,2018-02-13 05:45:00.000,2018-02-12 21:47:00.000,UTC-0500,2018-02-13 05:56:46.165,2018-02-13 05:46:41.929,7.966666666666667,2018-02-12,Monday,2018-02,21,5,2018-02-13 21:34:00.000,2018-02-14 05:17:00.000,15.816666666666666
450,92.456894,,2018-02-14 05:17:00.000,2018-02-13 21:34:00.000,UTC-0500,2018-02-14 05:19:25.777,2018-02-14 05:19:25.777,7.716666666666667,2018-02-13,Tuesday,2018-02,21,5,2018-02-14 22:21:00.000,2018-02-15 07:08:00.000,17.066666666666666
213,93.371216,50004.0,2018-02-15 07:08:00.000,2018-02-14 22:21:00.000,UTC-0500,2018-02-15 07:13:03.817,2018-02-15 07:09:43.310,8.783333333333333,2018-02-14,Wednesday,2018-02,22,7,2018-02-15 21:52:00.000,2018-02-16 06:52:00.000,14.733333333333333
441,95.194084,50004.0,2018-02-16 06:52:00.000,2018-02-15 21:52:00.000,UTC-0500,2018-02-16 07:10:37.523,2018-02-16 06:54:57.627,9.0,2018-02-15,Thursday,2018-02,21,6,2018-02-16 22:35:00.000,2018-02-17 06:32:00.000,15.716666666666667
398,93.93305,50004.0,2018-02-17 06:32:00.000,2018-02-16 22:35:00.000,UTC-0500,2018-02-17 06:37:15.415,2018-02-17 06:36:30.204,7.95,2018-02-16,Friday,2018-02,22,6,2018-02-17 22:45:00.000,2018-02-18 06:30:00.000,16.216666666666665
135,93.99142,50004.0,2018-02-18 06:30:00.000,2018-02-17 22:45:00.000,UTC-0500,2018-02-18 06:36:05.374,2018-02-18 06:31:16.175,7.75,2018-02-17,Saturday,2018-02,22,6,2018-02-18 17:43:00.000,2018-02-18 19:04:00.000,11.216666666666667
192,90.2439,,2018-02-18 19:04:00.000,2018-02-18 17:43:00.000,UTC-0500,2018-02-18 19:05:36.322,2018-02-18 19:05:36.322,1.35,2018-02-18,Sunday,2018-02,17,19,2018-02-19 21:12:00.000,2018-02-20 00:40:00.000,2.1333333333333333
142,89.952156,,2018-02-20 00:40:00.000,2018-02-19 21:12:00.000,UTC-0500,2018-02-20 00:54:55.283,2018-02-20 00:54:55.283,3.466666666666667,2018-02-19,Monday,2018-02,21,0,2018-02-21 22:00:00.000,2018-02-22 05:10:00.000,21.333333333333332
448,91.1833,,2018-02-22 05:10:00.000,2018-02-21 22:00:00.000,UTC-0500,2018-02-22 05:24:40.283,2018-02-22 05:24:40.283,7.166666666666667,2018-02-21,Wednesday,2018-02,22,5,2018-02-22 21:40:00.000,2018-02-23 04:44:00.000,16.5
360,95.76471,,2018-02-23 04:44:00.000,2018-02-22 21:40:00.000,UTC-0500,2018-02-23 04:45:49.249,2018-02-23 04:45:49.249,7.066666666666666,2018-02-22,Thursday,2018-02,21,4,2018-02-24 02:05:00.000,2018-02-24 06:46:00.000,21.35
488,91.81495,,2018-02-24 06:46:00.000,2018-02-24 02:05:00.000,UTC-0500,2018-02-24 06:46:11.159,2018-02-24 06:46:11.159,4.683333333333334,2018-02-24,Saturday,2018-02,2,6,2018-02-25 01:15:00.000,2018-02-25 08:28:00.000,18.483333333333334
5,87.78801999999997,,2018-02-25 08:28:00.000,2018-02-25 01:15:00.000,UTC-0500,2018-02-25 08:30:16.332,2018-02-25 08:30:16.332,7.216666666666667,2018-02-25,Sunday,2018-02,1,8,2018-02-25 23:16:00.000,2018-02-26 05:53:00.000,14.8
61,95.9799,50003.0,2018-02-26 05:53:00.000,2018-02-25 23:16:00.000,UTC-0500,2018-02-26 07:36:56.131,2018-02-26 05:54:38.160,6.616666666666666,2018-02-25,Sunday,2018-02,23,5,2018-02-26 21:50:00.000,2018-02-27 07:02:00.000,15.95
45,94.57505,50004.0,2018-02-27 07:02:00.000,2018-02-26 21:50:00.000,UTC-0500,2018-02-27 07:32:09.493,2018-02-27 07:03:34.825,9.2,2018-02-26,Monday,2018-02,21,7,2018-02-27 22:17:00.000,2018-02-28 04:44:00.000,15.25
395,93.5567,,2018-02-28 04:44:00.000,2018-02-27 22:17:00.000,UTC-0500,2018-02-28 04:46:27.741,2018-02-28 04:46:27.741,6.45,2018-02-27,Tuesday,2018-02,22,4,2018-02-28 22:19:00.000,2018-03-01 05:15:00.000,17.583333333333332
340,94.230774,,2018-03-01 05:15:00.000,2018-02-28 22:19:00.000,UTC-0500,2018-03-01 05:15:46.956,2018-03-01 05:15:46.956,6.933333333333334,2018-02-28,Wednesday,2018-02,22,5,2018-03-01 22:09:00.000,2018-03-02 06:00:00.000,16.9
306,93.84289,50003.0,2018-03-02 06:00:00.000,2018-03-01 22:09:00.000,UTC-0500,2018-03-02 06:26:17.171,2018-03-02 06:00:57.857,7.85,2018-03-01,Thursday,2018-03,22,6,2018-03-02 22:55:00.000,2018-03-03 05:19:00.000,16.916666666666668
98,96.36363,50003.0,2018-03-03 05:19:00.000,2018-03-02 22:55:00.000,UTC-0500,2018-03-03 05:40:27.836,2018-03-03 05:20:10.002,6.4,2018-03-02,Friday,2018-03,22,5,2018-03-03 22:57:00.000,2018-03-04 06:26:00.000,17.633333333333333
224,93.11111,50003.0,2018-03-04 06:26:00.000,2018-03-03 22:57:00.000,UTC-0500,2018-03-04 06:45:45.843,2018-03-04 06:27:23.747,7.483333333333333,2018-03-03,Saturday,2018-03,22,6,2018-03-05 22:51:00.000,2018-03-06 06:20:00.000,16.416666666666668
421,94.654785,,2018-03-06 06:20:00.000,2018-03-05 22:51:00.000,UTC-0500,2018-03-06 06:20:04.267,2018-03-06 06:20:04.267,7.483333333333333,2018-03-05,Monday,2018-03,22,6,2018-03-06 21:46:00.000,2018-03-07 06:52:00.000,15.433333333333334
308,92.50457,50004.0,2018-03-07 06:52:00.000,2018-03-06 21:46:00.000,UTC-0500,2018-03-07 08:11:33.734,2018-03-07 07:07:12.323,9.1,2018-03-06,Tuesday,2018-03,21,6,2018-03-07 22:23:00.000,2018-03-08 04:30:00.000,15.516666666666667
4,92.66304,50003.0,2018-03-08 04:30:00.000,2018-03-07 22:23:00.000,UTC-0500,2018-03-08 08:39:58.387,2018-03-08 04:32:02.181,6.116666666666666,2018-03-07,Wednesday,2018-03,22,4,2018-03-08 22:26:00.000,2018-03-09 06:42:00.000,17.933333333333334
47,96.57258,50005.0,2018-03-09 06:42:00.000,2018-03-08 22:26:00.000,UTC-0500,2018-03-09 07:41:30.789,2018-03-09 06:42:36.968,8.266666666666667,2018-03-08,Thursday,2018-03,22,6,2018-03-09 22:30:00.000,2018-03-10 05:42:00.000,15.8
104,93.071594,,2018-03-10 05:42:00.000,2018-03-09 22:30:00.000,UTC-0500,2018-03-10 05:48:01.400,2018-03-10 05:48:01.400,7.2,2018-03-09,Friday,2018-03,22,5,2018-03-10 21:11:00.000,2018-03-11 05:36:00.000,15.483333333333333
100,93.04933,50003.0,2018-03-11 05:36:00.000,2018-03-10 21:11:00.000,UTC-0400,2018-03-11 07:21:32.812,2018-03-11 05:37:49.613,8.416666666666666,2018-03-10,Saturday,2018-03,21,5,2018-03-11 23:17:00.000,2018-03-12 05:00:00.000,17.683333333333334
304,96.22093,,2018-03-12 05:00:00.000,2018-03-11 23:17:00.000,UTC-0400,2018-03-12 05:06:49.636,2018-03-12 05:06:49.636,5.716666666666667,2018-03-11,Sunday,2018-03,23,5,2018-03-12 21:39:00.000,2018-03-13 05:51:00.000,16.65
174,95.13184,,2018-03-13 05:51:00.000,2018-03-12 21:39:00.000,UTC-0400,2018-03-13 05:52:06.238,2018-03-13 05:52:06.238,8.2,2018-03-12,Monday,2018-03,21,5,2018-03-13 22:19:00.000,2018-03-14 06:32:00.000,16.466666666666665
191,95.13184,,2018-03-14 06:32:00.000,2018-03-13 22:19:00.000,UTC-0400,2018-03-14 06:32:42.034,2018-03-14 06:32:42.034,8.216666666666667,2018-03-13,Tuesday,2018-03,22,6,2018-03-14 22:54:00.000,2018-03-15 05:41:00.000,16.366666666666667
105,91.66667,50003.0,2018-03-15 05:41:00.000,2018-03-14 22:54:00.000,UTC-0400,2018-03-15 13:57:36.613,2018-03-15 05:42:06.860,6.783333333333333,2018-03-14,Wednesday,2018-03,22,5,2018-03-15 22:20:00.000,2018-03-16 06:15:00.000,16.65
139,95.16807,,2018-03-16 06:15:00.000,2018-03-15 22:20:00.000,UTC-0400,2018-03-16 06:17:37.960,2018-03-16 06:17:37.960,7.916666666666667,2018-03-15,Thursday,2018-03,22,6,2018-03-16 23:56:00.000,2018-03-17 07:55:00.000,17.683333333333334
242,95.4984,,2018-03-17 07:55:00.000,2018-03-16 23:56:00.000,UTC-0400,2018-03-17 05:11:35.010,2018-03-17 05:11:35.010,7.983333333333333,2018-03-16,Friday,2018-03,23,5,2018-03-17 23:54:00.000,2018-03-18 07:00:00.000,15.983333333333333
387,95.07042,,2018-03-18 07:00:00.000,2018-03-17 23:54:00.000,UTC-0400,2018-03-18 07:00:32.626,2018-03-18 07:00:32.626,7.1,2018-03-17,Saturday,2018-03,23,7,2018-03-18 23:16:00.000,2018-03-19 06:29:00.000,16.266666666666666
280,93.7788,,2018-03-19 06:29:00.000,2018-03-18 23:16:00.000,UTC-0400,2018-03-19 06:30:08.348,2018-03-19 06:30:08.348,7.216666666666667,2018-03-18,Sunday,2018-03,23,6,2018-03-19 21:51:00.000,2018-03-20 04:51:00.000,15.366666666666667
417,94.299286,,2018-03-20 04:51:00.000,2018-03-19 21:51:00.000,UTC-0400,2018-03-20 05:05:47.315,2018-03-20 05:05:47.315,7.0,2018-03-19,Monday,2018-03,21,4,2018-03-20 22:13:00.000,2018-03-21 05:42:00.000,17.366666666666667
136,92.42762,,2018-03-21 05:42:00.000,2018-03-20 22:13:00.000,UTC-0400,2018-03-21 05:42:24.842,2018-03-21 05:42:24.842,7.483333333333333,2018-03-20,Tuesday,2018-03,22,5,2018-03-21 22:32:00.000,2018-03-21 23:54:00.000,16.833333333333332
124,96.385544,,2018-03-21 23:54:00.000,2018-03-21 22:32:00.000,UTC-0400,2018-03-22 00:09:06.294,2018-03-22 00:09:06.294,1.3666666666666667,2018-03-21,Wednesday,2018-03,22,23,2018-03-22 02:27:00.000,2018-03-22 06:53:00.000,2.55
301,92.85714,,2018-03-22 06:53:00.000,2018-03-22 02:27:00.000,UTC-0400,2018-03-22 06:53:49.549,2018-03-22 06:53:49.549,4.433333333333334,2018-03-22,Thursday,2018-03,2,6,2018-03-22 22:14:00.000,2018-03-23 06:23:00.000,15.35
87,92.666664,,2018-03-23 06:23:00.000,2018-03-22 22:14:00.000,UTC-0400,2018-03-23 03:28:03.284,2018-03-23 03:28:03.284,8.15,2018-03-22,Thursday,2018-03,22,3,2018-03-23 21:55:00.000,2018-03-24 05:29:00.000,15.533333333333333
40,91.86813,,2018-03-24 05:29:00.000,2018-03-23 21:55:00.000,UTC-0400,2018-03-24 05:30:16.435,2018-03-24 05:30:16.435,7.566666666666666,2018-03-23,Friday,2018-03,21,5,2018-03-25 01:30:00.000,2018-03-25 06:41:00.000,20.016666666666666
122,91.025635,,2018-03-25 06:41:00.000,2018-03-25 01:30:00.000,UTC-0400,2018-03-25 06:43:36.674,2018-03-25 06:43:36.674,5.183333333333334,2018-03-25,Sunday,2018-03,1,6,2018-03-25 23:39:00.000,2018-03-26 06:12:00.000,16.966666666666665
380,94.416245,,2018-03-26 06:12:00.000,2018-03-25 23:39:00.000,UTC-0400,2018-03-26 06:14:03.342,2018-03-26 06:14:03.342,6.55,2018-03-25,Sunday,2018-03,23,6,2018-03-26 22:22:00.000,2018-03-27 06:43:00.000,16.166666666666668
357,93.01397,,2018-03-27 06:43:00.000,2018-03-26 22:22:00.000,UTC-0400,2018-03-27 06:43:51.760,2018-03-27 06:43:51.760,8.35,2018-03-26,Monday,2018-03,22,6,2018-03-27 22:44:00.000,2018-03-28 06:26:00.000,16.016666666666666
71,93.952484,,2018-03-28 06:26:00.000,2018-03-27 22:44:00.000,UTC-0400,2018-03-28 06:28:18.981,2018-03-28 06:28:18.981,7.7,2018-03-27,Tuesday,2018-03,22,6,2018-03-28 22:26:00.000,2018-03-29 05:53:00.000,16.0
276,93.52679,,2018-03-29 05:53:00.000,2018-03-28 22:26:00.000,UTC-0400,2018-03-29 05:54:18.349,2018-03-29 05:54:18.349,7.45,2018-03-28,Wednesday,2018-03,22,5,2018-03-29 23:19:00.000,2018-03-30 06:06:00.000,17.433333333333334
34,94.34889,,2018-03-30 06:06:00.000,2018-03-29 23:19:00.000,UTC-0400,2018-03-30 06:06:54.964,2018-03-30 06:06:54.964,6.783333333333333,2018-03-29,Thursday,2018-03,23,6,2018-03-30 22:39:00.000,2018-03-31 06:47:00.000,16.55
482,94.672134,,2018-03-31 06:47:00.000,2018-03-30 22:39:00.000,UTC-0400,2018-03-31 06:47:59.493,2018-03-31 06:47:59.493,8.133333333333333,2018-03-30,Friday,2018-03,22,6,2018-04-01 01:05:00.000,2018-04-01 07:02:00.000,18.3
332,94.97207,,2018-04-01 07:02:00.000,2018-04-01 01:05:00.000,UTC-0400,2018-04-01 07:03:54.034,2018-04-01 07:03:54.034,5.95,2018-04-01,Sunday,2018-04,1,7,2018-04-01 23:15:00.000,2018-04-02 06:10:00.000,16.216666666666665
54,92.78847,,2018-04-02 06:10:00.000,2018-04-01 23:15:00.000,UTC-0400,2018-04-02 06:12:24.013,2018-04-02 06:12:24.013,6.916666666666667,2018-04-01,Sunday,2018-04,23,6,2018-04-02 21:29:00.000,2018-04-03 06:40:00.000,15.316666666666666
184,94.19238,,2018-04-03 06:40:00.000,2018-04-02 21:29:00.000,UTC-0400,2018-04-03 06:40:46.779,2018-04-03 06:40:46.779,9.183333333333334,2018-04-02,Monday,2018-04,21,6,2018-04-03 22:32:00.000,2018-04-04 06:26:00.000,15.866666666666667
393,83.78378000000002,,2018-04-04 06:26:00.000,2018-04-03 22:32:00.000,UTC-0400,2018-04-03 23:46:50.835,2018-04-03 23:46:50.835,7.9,2018-04-03,Tuesday,2018-04,22,23,2018-04-04 22:31:00.000,2018-04-05 06:23:00.000,16.083333333333332
283,93.02326,,2018-04-05 06:23:00.000,2018-04-04 22:31:00.000,UTC-0400,2018-04-05 06:25:02.043,2018-04-05 06:25:02.043,7.866666666666666,2018-04-04,Wednesday,2018-04,22,6,2018-04-05 22:50:00.000,2018-04-06 04:19:00.000,16.45
49,91.34948,,2018-04-06 04:19:00.000,2018-04-05 22:50:00.000,UTC-0400,2018-04-06 03:41:37.307,2018-04-06 03:41:37.307,5.483333333333333,2018-04-05,Thursday,2018-04,22,3,2018-04-06 23:50:00.000,2018-04-07 06:23:00.000,19.516666666666666
455,94.67005,,2018-04-07 06:23:00.000,2018-04-06 23:50:00.000,UTC-0400,2018-04-07 06:25:20.921,2018-04-07 06:25:20.921,6.55,2018-04-06,Friday,2018-04,23,6,2018-04-07 21:46:00.000,2018-04-08 05:17:00.000,15.383333333333333
279,94.67456,,2018-04-08 05:17:00.000,2018-04-07 21:46:00.000,UTC-0400,2018-04-08 03:24:26.822,2018-04-08 03:24:26.822,7.516666666666667,2018-04-07,Saturday,2018-04,21,3,2018-04-08 23:15:00.000,2018-04-09 06:12:00.000,17.966666666666665
195,95.69378,,2018-04-09 06:12:00.000,2018-04-08 23:15:00.000,UTC-0400,2018-04-09 06:14:56.659,2018-04-09 06:14:56.659,6.95,2018-04-08,Sunday,2018-04,23,6,2018-04-09 22:16:00.000,2018-04-10 03:08:00.000,16.066666666666666
324,92.83276,,2018-04-10 03:08:00.000,2018-04-09 22:16:00.000,UTC-0400,2018-04-10 03:12:49.136,2018-04-10 03:12:49.136,4.866666666666666,2018-04-09,Monday,2018-04,22,3,2018-04-10 22:20:00.000,2018-04-11 06:02:00.000,19.2
344,91.36069,,2018-04-11 06:02:00.000,2018-04-10 22:20:00.000,UTC-0400,2018-04-11 06:03:28.571,2018-04-11 06:03:28.571,7.7,2018-04-10,Tuesday,2018-04,22,6,2018-04-11 23:17:00.000,2018-04-12 05:37:00.000,17.25
419,92.91338,,2018-04-12 05:37:00.000,2018-04-11 23:17:00.000,UTC-0400,2018-04-12 05:39:37.604,2018-04-12 05:39:37.604,6.333333333333333,2018-04-11,Wednesday,2018-04,23,5,2018-04-12 22:32:00.000,2018-04-13 06:55:00.000,16.916666666666668
193,88.09524,,2018-04-13 06:55:00.000,2018-04-12 22:32:00.000,UTC-0400,2018-04-13 06:57:33.235,2018-04-13 06:57:33.235,8.383333333333333,2018-04-12,Thursday,2018-04,22,6,2018-04-13 22:21:00.000,2018-04-14 07:15:00.000,15.433333333333334
277,89.15663,,2018-04-14 07:15:00.000,2018-04-13 22:21:00.000,UTC-0400,2018-04-14 04:07:17.344,2018-04-14 04:07:17.344,8.9,2018-04-13,Friday,2018-04,22,3,2018-04-14 21:32:00.000,2018-04-15 05:46:00.000,14.283333333333333
494,93.93939,,2018-04-15 05:46:00.000,2018-04-14 21:32:00.000,UTC-0400,2018-04-15 05:47:04.251,2018-04-15 05:47:04.251,8.233333333333333,2018-04-14,Saturday,2018-04,21,5,2018-04-15 22:42:00.000,2018-04-16 06:55:00.000,16.933333333333334
110,93.0131,,2018-04-16 06:55:00.000,2018-04-15 22:42:00.000,UTC-0400,2018-04-16 06:20:42.914,2018-04-16 06:20:42.914,8.216666666666667,2018-04-15,Sunday,2018-04,22,6,2018-04-16 22:52:00.000,2018-04-17 06:25:00.000,15.95
247,92.07048,,2018-04-17 06:25:00.000,2018-04-16 22:52:00.000,UTC-0400,2018-04-17 06:26:34.614,2018-04-17 06:26:34.614,7.55,2018-04-16,Monday,2018-04,22,6,2018-04-17 23:08:00.000,2018-04-18 06:20:00.000,16.716666666666665
384,91.91686,,2018-04-18 06:20:00.000,2018-04-17 23:08:00.000,UTC-0400,2018-04-18 06:35:24.269,2018-04-18 06:35:24.269,7.2,2018-04-17,Tuesday,2018-04,23,6,2018-04-18 23:04:00.000,2018-04-19 05:41:00.000,16.733333333333334
285,91.45728,,2018-04-19 05:41:00.000,2018-04-18 23:04:00.000,UTC-0400,2018-04-19 05:43:47.594,2018-04-19 05:43:47.594,6.616666666666666,2018-04-18,Wednesday,2018-04,23,5,2018-04-19 22:20:00.000,2018-04-20 06:32:00.000,16.65
451,93.71197,,2018-04-20 06:32:00.000,2018-04-19 22:20:00.000,UTC-0400,2018-04-20 06:33:12.891,2018-04-20 06:33:12.891,8.2,2018-04-19,Thursday,2018-04,22,6,2018-04-20 23:18:00.000,2018-04-21 05:00:00.000,16.766666666666666
250,94.1691,,2018-04-21 05:00:00.000,2018-04-20 23:18:00.000,UTC-0400,2018-04-21 05:02:07.605,2018-04-21 05:02:07.605,5.7,2018-04-20,Friday,2018-04,23,5,2018-04-22 00:44:00.000,2018-04-22 06:06:00.000,19.733333333333334
226,91.95046,,2018-04-22 06:06:00.000,2018-04-22 00:44:00.000,UTC-0400,2018-04-22 06:10:38.635,2018-04-22 06:10:38.635,5.366666666666666,2018-04-22,Sunday,2018-04,0,6,2018-04-22 23:52:00.000,2018-04-23 05:39:00.000,17.766666666666666
221,96.55172,,2018-04-23 05:39:00.000,2018-04-22 23:52:00.000,UTC-0400,2018-04-23 05:40:52.999,2018-04-23 05:40:52.999,5.783333333333333,2018-04-22,Sunday,2018-04,23,5,2018-04-23 22:34:00.000,2018-04-24 05:48:00.000,16.916666666666668
286,91.49425,,2018-04-24 05:48:00.000,2018-04-23 22:34:00.000,UTC-0400,2018-04-24 05:49:10.878,2018-04-24 05:49:10.878,7.233333333333333,2018-04-23,Monday,2018-04,22,5,2018-04-24 22:09:00.000,2018-04-25 06:29:00.000,16.35
57,94.61538,,2018-04-25 06:29:00.000,2018-04-24 22:09:00.000,UTC-0400,2018-04-25 02:43:24.303,2018-04-25 02:43:24.303,8.333333333333334,2018-04-24,Tuesday,2018-04,22,2,2018-04-25 23:13:00.000,2018-04-26 05:52:00.000,16.733333333333334
99,89.393936,,2018-04-26 05:52:00.000,2018-04-25 23:13:00.000,UTC-0400,2018-04-26 02:31:50.579,2018-04-26 02:31:50.579,6.65,2018-04-25,Wednesday,2018-04,23,2,2018-04-26 22:55:00.000,2018-04-27 06:05:00.000,17.05
175,93.269226,,2018-04-27 06:05:00.000,2018-04-26 22:55:00.000,UTC-0400,2018-04-27 04:08:03.130,2018-04-27 04:08:03.130,7.166666666666667,2018-04-26,Thursday,2018-04,22,4,2018-04-27 22:52:00.000,2018-04-28 02:48:00.000,16.783333333333335
379,89.02954,,2018-04-28 02:48:00.000,2018-04-27 22:52:00.000,UTC-0400,2018-04-28 02:50:33.193,2018-04-28 02:50:33.193,3.933333333333333,2018-04-27,Friday,2018-04,22,2,2018-04-28 04:49:00.000,2018-04-28 06:48:00.000,2.0166666666666666
470,92.92929,,2018-04-28 06:48:00.000,2018-04-28 04:49:00.000,UTC-0400,2018-04-28 06:29:01.562,2018-04-28 06:29:01.562,1.9833333333333334,2018-04-28,Saturday,2018-04,4,6,2018-04-28 23:20:00.000,2018-04-29 06:41:00.000,16.533333333333335
310,92.97052,,2018-04-29 06:41:00.000,2018-04-28 23:20:00.000,UTC-0400,2018-04-29 06:41:40.906,2018-04-29 06:41:40.906,7.35,2018-04-28,Saturday,2018-04,23,6,2018-04-29 19:40:00.000,2018-04-30 05:34:00.000,12.983333333333333
41,89.86667,,2018-04-30 05:34:00.000,2018-04-29 19:40:00.000,UTC-0400,2018-04-30 01:55:29.591,2018-04-30 01:55:29.591,9.9,2018-04-29,Sunday,2018-04,19,1,2018-04-30 23:47:00.000,2018-05-01 06:41:00.000,18.216666666666665
431,94.59459,,2018-05-01 06:41:00.000,2018-04-30 23:47:00.000,UTC-0400,2018-05-01 04:06:48.140,2018-05-01 04:06:48.140,6.9,2018-04-30,Monday,2018-04,23,4,2018-05-01 23:09:00.000,2018-05-02 05:30:00.000,16.466666666666665
188,91.62304,,2018-05-02 05:30:00.000,2018-05-01 23:09:00.000,UTC-0400,2018-05-02 05:31:11.680,2018-05-02 05:31:11.680,6.35,2018-05-01,Tuesday,2018-05,23,5,2018-05-02 21:52:00.000,2018-05-03 06:13:00.000,16.366666666666667
394,90.75,,2018-05-03 06:13:00.000,2018-05-02 21:52:00.000,UTC-0400,2018-05-03 04:32:15.647,2018-05-03 04:32:15.647,8.35,2018-05-02,Wednesday,2018-05,21,4,2018-05-03 22:12:00.000,2018-05-04 06:08:00.000,15.983333333333333
329,87.5,,2018-05-04 06:08:00.000,2018-05-03 22:12:00.000,UTC-0400,2018-05-04 01:54:04.305,2018-05-04 01:54:04.305,7.933333333333334,2018-05-03,Thursday,2018-05,22,1,2018-05-06 00:50:00.000,2018-05-06 03:50:00.000,18.7
272,0.0,50002.0,2018-05-06 03:50:00.000,2018-05-06 00:50:00.000,UTC-0400,2018-05-07 20:19:25.861,2018-05-07 20:19:25.861,3.0,2018-05-06,Sunday,2018-05,0,3,2018-05-06 21:43:00.000,2018-05-07 05:53:00.000,17.883333333333333
166,92.244896,,2018-05-07 05:53:00.000,2018-05-06 21:43:00.000,UTC-0400,2018-05-07 05:53:23.764,2018-05-07 05:53:23.764,8.166666666666666,2018-05-06,Sunday,2018-05,21,5,2018-05-08 01:00:00.000,2018-05-08 04:00:00.000,19.116666666666667
473,0.0,50001.0,2018-05-08 04:00:00.000,2018-05-08 01:00:00.000,UTC-0400,2018-05-08 07:04:28.143,2018-05-08 07:04:28.143,3.0,2018-05-08,Tuesday,2018-05,1,4,2018-05-08 18:04:00.000,2018-05-08 19:24:00.000,14.066666666666666
30,89.87340999999998,,2018-05-08 19:24:00.000,2018-05-08 18:04:00.000,UTC-0400,2018-05-08 19:24:37.974,2018-05-08 19:24:37.974,1.3333333333333333,2018-05-08,Tuesday,2018-05,18,19,2018-05-09 01:00:00.000,2018-05-09 07:05:00.000,5.6
147,91.78082,,2018-05-09 07:05:00.000,2018-05-09 01:00:00.000,UTC-0400,2018-05-09 07:05:51.310,2018-05-09 07:05:51.310,6.083333333333333,2018-05-09,Wednesday,2018-05,1,7,2018-05-09 18:39:00.000,2018-05-09 20:16:00.000,11.566666666666666
410,83.67347,,2018-05-09 20:16:00.000,2018-05-09 18:39:00.000,UTC-0400,2018-05-09 20:30:37.336,2018-05-09 20:30:37.336,1.6166666666666667,2018-05-09,Wednesday,2018-05,18,20,2018-05-09 22:18:00.000,2018-05-10 06:16:00.000,2.033333333333333
266,92.484344,,2018-05-10 06:16:00.000,2018-05-09 22:18:00.000,UTC-0400,2018-05-10 06:18:16.028,2018-05-10 06:18:16.028,7.966666666666667,2018-05-09,Wednesday,2018-05,22,6,2018-05-10 23:42:00.000,2018-05-11 05:43:00.000,17.433333333333334
347,97.22992,,2018-05-11 05:43:00.000,2018-05-10 23:42:00.000,UTC-0400,2018-05-11 05:43:23.794,2018-05-11 05:43:23.794,6.016666666666667,2018-05-10,Thursday,2018-05,23,5,2018-05-11 22:20:00.000,2018-05-12 06:17:00.000,16.616666666666667
13,93.305435,,2018-05-12 06:17:00.000,2018-05-11 22:20:00.000,UTC-0400,2018-05-12 06:19:10.209,2018-05-12 06:19:10.209,7.95,2018-05-11,Friday,2018-05,22,6,2018-05-13 00:10:00.000,2018-05-13 06:01:00.000,17.883333333333333
26,94.318184,,2018-05-13 06:01:00.000,2018-05-13 00:10:00.000,UTC-0400,2018-05-13 06:02:48.745,2018-05-13 06:02:48.745,5.85,2018-05-13,Sunday,2018-05,0,6,2018-05-14 01:05:00.000,2018-05-14 07:25:00.000,19.066666666666666
209,89.76378000000003,,2018-05-14 07:25:00.000,2018-05-14 01:05:00.000,UTC-0400,2018-05-14 07:26:57.470,2018-05-14 07:26:57.470,6.333333333333333,2018-05-14,Monday,2018-05,1,7,2018-05-14 17:53:00.000,2018-05-14 19:16:00.000,10.466666666666667
465,94.047615,,2018-05-14 19:16:00.000,2018-05-14 17:53:00.000,UTC-0400,2018-05-14 19:17:15.395,2018-05-14 19:17:15.395,1.3833333333333333,2018-05-14,Monday,2018-05,17,19,2018-05-14 23:55:00.000,2018-05-15 06:53:00.000,4.65
330,94.47369,,2018-05-15 06:53:00.000,2018-05-14 23:55:00.000,UTC-0400,2018-05-15 06:15:55.623,2018-05-15 06:15:55.623,6.966666666666667,2018-05-14,Monday,2018-05,23,6,2018-05-15 23:14:00.000,2018-05-16 06:39:00.000,16.35
392,95.06726,,2018-05-16 06:39:00.000,2018-05-15 23:14:00.000,UTC-0400,2018-05-16 06:41:50.561,2018-05-16 06:41:50.561,7.416666666666667,2018-05-15,Tuesday,2018-05,23,6,2018-05-16 23:08:00.000,2018-05-17 06:11:00.000,16.483333333333334
97,91.72577,,2018-05-17 06:11:00.000,2018-05-16 23:08:00.000,UTC-0400,2018-05-17 06:11:28.949,2018-05-17 06:11:28.949,7.05,2018-05-16,Wednesday,2018-05,23,6,2018-05-17 22:48:00.000,2018-05-18 06:05:00.000,16.616666666666667
458,91.075516,,2018-05-18 06:05:00.000,2018-05-17 22:48:00.000,UTC-0400,2018-05-18 06:05:58.716,2018-05-18 06:05:58.716,7.283333333333333,2018-05-17,Thursday,2018-05,22,6,2018-05-18 23:16:00.000,2018-05-19 07:36:00.000,17.183333333333334
352,93.414635,,2018-05-19 07:36:00.000,2018-05-18 23:16:00.000,UTC-0400,2018-05-19 06:06:11.389,2018-05-19 06:06:11.389,8.333333333333334,2018-05-18,Friday,2018-05,23,6,2018-05-20 01:44:00.000,2018-05-20 08:16:00.000,18.133333333333333
498,90.8397,,2018-05-20 08:16:00.000,2018-05-20 01:44:00.000,UTC-0400,2018-05-20 08:30:45.314,2018-05-20 08:30:45.314,6.533333333333333,2018-05-20,Sunday,2018-05,1,8,2018-05-21 00:06:00.000,2018-05-21 06:49:00.000,15.833333333333334
75,92.821785,,2018-05-21 06:49:00.000,2018-05-21 00:06:00.000,UTC-0400,2018-05-21 06:50:16.102,2018-05-21 06:50:16.102,6.716666666666667,2018-05-21,Monday,2018-05,0,6,2018-05-22 01:00:00.000,2018-05-22 06:25:00.000,18.183333333333334
232,96.01227,,2018-05-22 06:25:00.000,2018-05-22 01:00:00.000,UTC-0400,2018-05-22 06:39:57.354,2018-05-22 06:39:57.354,5.416666666666667,2018-05-22,Tuesday,2018-05,1,6,2018-05-22 21:38:00.000,2018-05-23 05:23:00.000,15.216666666666667
155,93.333336,,2018-05-23 05:23:00.000,2018-05-22 21:38:00.000,UTC-0400,2018-05-23 05:23:48.896,2018-05-23 05:23:48.896,7.75,2018-05-22,Tuesday,2018-05,21,5,2018-05-24 00:27:00.000,2018-05-24 06:38:00.000,19.066666666666666
141,90.59139,,2018-05-24 06:38:00.000,2018-05-24 00:27:00.000,UTC-0400,2018-05-24 06:53:01.803,2018-05-24 06:53:01.803,6.183333333333334,2018-05-24,Thursday,2018-05,0,6,2018-05-24 21:58:00.000,2018-05-25 05:58:00.000,15.333333333333334
217,92.30769,,2018-05-25 05:58:00.000,2018-05-24 21:58:00.000,UTC-0400,2018-05-25 05:59:00.158,2018-05-25 05:59:00.158,8.0,2018-05-24,Thursday,2018-05,21,5,2018-05-25 21:57:00.000,2018-05-26 06:09:00.000,15.983333333333333
74,92.07317,,2018-05-26 06:09:00.000,2018-05-25 21:57:00.000,UTC-0400,2018-05-26 06:13:14.840,2018-05-26 06:13:14.840,8.2,2018-05-25,Friday,2018-05,21,6,2018-05-26 23:22:00.000,2018-05-27 05:29:00.000,17.216666666666665
240,91.847824,,2018-05-27 05:29:00.000,2018-05-26 23:22:00.000,UTC-0400,2018-05-27 05:43:58.296,2018-05-27 05:43:58.296,6.116666666666666,2018-05-26,Saturday,2018-05,23,5,2018-05-27 23:13:00.000,2018-05-28 05:27:00.000,17.733333333333334
114,88.53333,,2018-05-28 05:27:00.000,2018-05-27 23:13:00.000,UTC-0400,2018-05-28 05:42:10.321,2018-05-28 05:42:10.321,6.233333333333333,2018-05-27,Sunday,2018-05,23,5,2018-05-28 22:25:00.000,2018-05-29 06:36:00.000,16.966666666666665
178,87.76224,,2018-05-29 06:36:00.000,2018-05-28 22:25:00.000,UTC-0400,2018-05-29 03:12:00.058,2018-05-29 03:12:00.058,8.183333333333334,2018-05-28,Monday,2018-05,22,3,2018-05-29 22:53:00.000,2018-05-30 02:11:00.000,16.283333333333335
69,90.909096,,2018-05-30 02:11:00.000,2018-05-29 22:53:00.000,UTC-0400,2018-05-30 02:11:47.998,2018-05-30 02:11:47.998,3.3,2018-05-29,Tuesday,2018-05,22,2,2018-05-30 04:21:00.000,2018-05-30 06:48:00.000,2.1666666666666665
426,91.89189,,2018-05-30 06:48:00.000,2018-05-30 04:21:00.000,UTC-0400,2018-05-30 07:02:45.269,2018-05-30 07:02:45.269,2.45,2018-05-30,Wednesday,2018-05,4,6,2018-05-30 22:15:00.000,2018-05-31 06:11:00.000,15.45
96,92.97753,,2018-05-31 06:11:00.000,2018-05-30 22:15:00.000,UTC-0400,2018-05-31 04:12:33.438,2018-05-31 04:12:33.438,7.933333333333334,2018-05-30,Wednesday,2018-05,22,4,2018-05-31 23:27:00.000,2018-06-01 06:00:00.000,17.266666666666666
43,93.90863,,2018-06-01 06:00:00.000,2018-05-31 23:27:00.000,UTC-0400,2018-06-01 06:02:51.671,2018-06-01 06:02:51.671,6.55,2018-05-31,Thursday,2018-05,23,6,2018-06-01 23:37:00.000,2018-06-02 05:49:00.000,17.616666666666667
7,90.026955,,2018-06-02 05:49:00.000,2018-06-01 23:37:00.000,UTC-0400,2018-06-02 05:49:32.094,2018-06-02 05:49:32.094,6.2,2018-06-01,Friday,2018-06,23,5,2018-06-02 13:59:00.000,2018-06-02 15:23:00.000,8.166666666666666
349,90.47619,,2018-06-02 15:23:00.000,2018-06-02 13:59:00.000,UTC-0400,2018-06-02 15:24:03.977,2018-06-02 15:24:03.977,1.4,2018-06-02,Saturday,2018-06,13,15,2018-06-02 23:05:00.000,2018-06-03 07:44:00.000,7.7
263,90.96154,,2018-06-03 07:44:00.000,2018-06-02 23:05:00.000,UTC-0400,2018-06-03 07:46:46.193,2018-06-03 07:46:46.193,8.65,2018-06-02,Saturday,2018-06,23,7,2018-06-03 22:41:00.000,2018-06-04 05:55:00.000,14.95
319,90.574715,,2018-06-04 05:55:00.000,2018-06-03 22:41:00.000,UTC-0400,2018-06-04 06:00:40.634,2018-06-04 06:00:40.634,7.233333333333333,2018-06-03,Sunday,2018-06,22,5,2018-06-04 23:41:00.000,2018-06-05 06:05:00.000,17.766666666666666
123,95.06493,,2018-06-05 06:05:00.000,2018-06-04 23:41:00.000,UTC-0400,2018-06-05 06:07:05.945,2018-06-05 06:07:05.945,6.4,2018-06-04,Monday,2018-06,23,6,2018-06-05 22:21:00.000,2018-06-06 05:51:00.000,16.266666666666666
297,95.42334,,2018-06-06 05:51:00.000,2018-06-05 22:21:00.000,UTC-0400,2018-06-06 05:52:10.022,2018-06-06 05:52:10.022,7.5,2018-06-05,Tuesday,2018-06,22,5,2018-06-06 23:02:00.000,2018-06-07 06:24:00.000,17.183333333333334
15,90.97065,,2018-06-07 06:24:00.000,2018-06-06 23:02:00.000,UTC-0400,2018-06-07 06:31:30.729,2018-06-07 06:31:30.729,7.366666666666666,2018-06-06,Wednesday,2018-06,23,6,2018-06-07 22:01:00.000,2018-06-08 06:17:00.000,15.616666666666667
325,89.52381,,2018-06-08 06:17:00.000,2018-06-07 22:01:00.000,UTC-0400,2018-06-08 00:00:02.472,2018-06-08 00:00:02.472,8.266666666666667,2018-06-07,Thursday,2018-06,22,23,2018-06-08 23:19:00.000,2018-06-09 06:04:00.000,17.033333333333335
241,92.85714,,2018-06-09 06:04:00.000,2018-06-08 23:19:00.000,UTC-0400,2018-06-09 06:06:07.351,2018-06-09 06:06:07.351,6.75,2018-06-08,Friday,2018-06,23,6,2018-06-09 13:29:00.000,2018-06-09 15:09:00.000,7.416666666666667
346,86.0,,2018-06-09 15:09:00.000,2018-06-09 13:29:00.000,UTC-0400,2018-06-09 15:09:52.943,2018-06-09 15:09:52.943,1.6666666666666667,2018-06-09,Saturday,2018-06,13,15,2018-06-09 22:33:00.000,2018-06-10 06:24:00.000,7.4
89,92.14438,,2018-06-10 06:24:00.000,2018-06-09 22:33:00.000,UTC-0400,2018-06-10 06:24:37.087,2018-06-10 06:24:37.087,7.85,2018-06-09,Saturday,2018-06,22,6,2018-06-10 23:02:00.000,2018-06-11 06:23:00.000,16.633333333333333
64,92.77389,,2018-06-11 06:23:00.000,2018-06-10 23:02:00.000,UTC-0400,2018-06-11 06:24:06.942,2018-06-11 06:24:06.942,7.35,2018-06-10,Sunday,2018-06,23,6,2018-06-11 23:17:00.000,2018-06-12 06:54:00.000,16.9
24,94.0919,,2018-06-12 06:54:00.000,2018-06-11 23:17:00.000,UTC-0400,2018-06-12 06:54:26.973,2018-06-12 06:54:26.973,7.616666666666666,2018-06-11,Monday,2018-06,23,6,2018-06-12 22:56:00.000,2018-06-13 06:31:00.000,16.033333333333335
338,92.98246,,2018-06-13 06:31:00.000,2018-06-12 22:56:00.000,UTC-0400,2018-06-13 06:32:30.698,2018-06-13 06:32:30.698,7.583333333333333,2018-06-12,Tuesday,2018-06,22,6,2018-06-13 22:03:00.000,2018-06-14 03:16:00.000,15.533333333333333
137,94.90446,,2018-06-14 03:16:00.000,2018-06-13 22:03:00.000,UTC-0400,2018-06-14 03:30:43.518,2018-06-14 03:30:43.518,5.216666666666667,2018-06-13,Wednesday,2018-06,22,3,2018-06-14 23:37:00.000,2018-06-15 06:37:00.000,20.35
67,92.26804,,2018-06-15 06:37:00.000,2018-06-14 23:37:00.000,UTC-0400,2018-06-15 06:05:21.816,2018-06-15 06:05:21.816,7.0,2018-06-14,Thursday,2018-06,23,6,2018-06-15 20:19:00.000,2018-06-15 21:55:00.000,13.7
23,91.75258,,2018-06-15 21:55:00.000,2018-06-15 20:19:00.000,UTC-0400,2018-06-15 22:10:12.281,2018-06-15 22:10:12.281,1.6,2018-06-15,Friday,2018-06,20,21,2018-06-15 23:58:00.000,2018-06-16 07:19:00.000,2.05
68,95.3168,,2018-06-16 07:19:00.000,2018-06-15 23:58:00.000,UTC-0400,2018-06-16 06:15:07.692,2018-06-16 06:15:07.692,7.35,2018-06-15,Friday,2018-06,23,6,2018-06-16 14:57:00.000,2018-06-16 16:14:00.000,7.633333333333334
103,93.589745,,2018-06-16 16:14:00.000,2018-06-16 14:57:00.000,UTC-0400,2018-06-16 16:28:59.305,2018-06-16 16:28:59.305,1.2833333333333334,2018-06-16,Saturday,2018-06,14,16,2018-06-16 22:59:00.000,2018-06-17 06:17:00.000,6.75
449,94.305244,,2018-06-17 06:17:00.000,2018-06-16 22:59:00.000,UTC-0400,2018-06-17 06:18:47.066,2018-06-17 06:18:47.066,7.3,2018-06-16,Saturday,2018-06,22,6,2018-06-17 22:30:00.000,2018-06-18 05:46:00.000,16.216666666666665
168,63.07692700000001,,2018-06-18 05:46:00.000,2018-06-17 22:30:00.000,UTC-0400,2018-06-17 23:48:36.294,2018-06-17 23:48:36.294,7.266666666666667,2018-06-17,Sunday,2018-06,22,23,2018-06-18 21:14:00.000,2018-06-19 05:30:00.000,15.466666666666667
499,93.56137,,2018-06-19 05:30:00.000,2018-06-18 21:14:00.000,UTC-0400,2018-06-19 05:31:29.041,2018-06-19 05:31:29.041,8.266666666666667,2018-06-18,Monday,2018-06,21,5,2018-06-19 23:09:00.000,2018-06-20 04:42:00.000,17.65
409,94.61078,,2018-06-20 04:42:00.000,2018-06-19 23:09:00.000,UTC-0400,2018-06-20 04:57:13.311,2018-06-20 04:57:13.311,5.55,2018-06-19,Tuesday,2018-06,23,4,2018-06-20 18:11:00.000,2018-06-20 19:20:00.000,13.483333333333333
412,80.0,,2018-06-20 19:20:00.000,2018-06-20 18:11:00.000,UTC-0400,2018-06-20 19:35:04.278,2018-06-20 19:35:04.278,1.15,2018-06-20,Wednesday,2018-06,18,19,2018-06-20 22:32:00.000,2018-06-21 06:25:00.000,3.2
210,94.72574,,2018-06-21 06:25:00.000,2018-06-20 22:32:00.000,UTC-0400,2018-06-21 06:30:10.680,2018-06-21 06:30:10.680,7.883333333333334,2018-06-20,Wednesday,2018-06,22,6,2018-06-21 22:53:00.000,2018-06-22 06:22:00.000,16.466666666666665
497,93.31849,,2018-06-22 06:22:00.000,2018-06-21 22:53:00.000,UTC-0400,2018-06-22 06:22:42.362,2018-06-22 06:22:42.362,7.483333333333333,2018-06-21,Thursday,2018-06,22,6,2018-06-22 22:11:00.000,2018-06-23 06:32:00.000,15.816666666666666
261,93.548386,,2018-06-23 06:32:00.000,2018-06-22 22:11:00.000,UTC-0400,2018-06-23 02:02:00.258,2018-06-23 02:02:00.258,8.35,2018-06-22,Friday,2018-06,22,1,2018-06-23 15:47:00.000,2018-06-23 17:28:00.000,9.25
294,88.2353,,2018-06-23 17:28:00.000,2018-06-23 15:47:00.000,UTC-0400,2018-06-23 17:41:51.577,2018-06-23 17:41:51.577,1.6833333333333333,2018-06-23,Saturday,2018-06,15,17,2018-06-24 01:04:00.000,2018-06-24 09:49:00.000,7.6
287,85.75581,,2018-06-24 09:49:00.000,2018-06-24 01:04:00.000,UTC-0400,2018-06-24 07:01:43.288,2018-06-24 07:01:43.288,8.75,2018-06-24,Sunday,2018-06,1,6,2018-06-24 13:46:00.000,2018-06-24 15:25:00.000,3.95
468,86.0,,2018-06-24 15:25:00.000,2018-06-24 13:46:00.000,UTC-0400,2018-06-24 15:40:05.277,2018-06-24 15:40:05.277,1.65,2018-06-24,Sunday,2018-06,13,15,2018-06-25 00:39:00.000,2018-06-25 06:27:00.000,9.233333333333333
109,91.97708,,2018-06-25 06:27:00.000,2018-06-25 00:39:00.000,UTC-0400,2018-06-25 06:38:48.761,2018-06-25 06:38:48.761,5.8,2018-06-25,Monday,2018-06,0,6,2018-06-25 23:18:00.000,2018-06-26 07:24:00.000,16.85
429,89.93839,,2018-06-26 07:24:00.000,2018-06-25 23:18:00.000,UTC-0400,2018-06-26 07:26:54.390,2018-06-26 07:26:54.390,8.1,2018-06-25,Monday,2018-06,23,7,2018-06-26 23:02:00.000,2018-06-27 06:37:00.000,15.633333333333333
425,92.54386,,2018-06-27 06:37:00.000,2018-06-26 23:02:00.000,UTC-0400,2018-06-27 06:39:37.223,2018-06-27 06:39:37.223,7.583333333333333,2018-06-26,Tuesday,2018-06,23,6,2018-06-27 23:36:00.000,2018-06-28 07:02:00.000,16.983333333333334
32,89.6861,,2018-06-28 07:02:00.000,2018-06-27 23:36:00.000,UTC-0400,2018-06-28 07:02:48.343,2018-06-28 07:02:48.343,7.433333333333334,2018-06-27,Wednesday,2018-06,23,7,2018-06-28 17:57:00.000,2018-06-28 19:13:00.000,10.916666666666666
138,92.20779,,2018-06-28 19:13:00.000,2018-06-28 17:57:00.000,UTC-0400,2018-06-28 19:28:10.259,2018-06-28 19:28:10.259,1.2666666666666666,2018-06-28,Thursday,2018-06,17,19,2018-06-29 00:19:00.000,2018-06-29 06:30:00.000,5.1
81,92.741936,,2018-06-29 06:30:00.000,2018-06-29 00:19:00.000,UTC-0400,2018-06-29 06:34:33.711,2018-06-29 06:34:33.711,6.183333333333334,2018-06-29,Friday,2018-06,0,6,2018-06-29 23:38:00.000,2018-06-30 06:59:00.000,17.133333333333333
407,92.517006,,2018-06-30 06:59:00.000,2018-06-29 23:38:00.000,UTC-0400,2018-06-30 06:59:34.685,2018-06-30 06:59:34.685,7.35,2018-06-29,Friday,2018-06,23,6,2018-06-30 23:11:00.000,2018-07-01 07:23:00.000,16.2
222,90.46653,,2018-07-01 07:23:00.000,2018-06-30 23:11:00.000,UTC-0400,2018-07-01 07:24:59.647,2018-07-01 07:24:59.647,8.2,2018-06-30,Saturday,2018-06,23,7,2018-07-01 23:26:00.000,2018-07-02 07:20:00.000,16.05
244,85.26315,,2018-07-02 07:20:00.000,2018-07-01 23:26:00.000,UTC-0400,2018-07-02 07:26:33.451,2018-07-02 07:26:33.451,7.9,2018-07-01,Sunday,2018-07,23,7,2018-07-02 23:06:00.000,2018-07-03 06:08:00.000,15.766666666666667
227,88.65248000000003,,2018-07-03 06:08:00.000,2018-07-02 23:06:00.000,UTC-0400,2018-07-03 06:23:17.279,2018-07-03 06:23:17.279,7.033333333333333,2018-07-02,Monday,2018-07,23,6,2018-07-03 22:56:00.000,2018-07-04 06:37:00.000,16.8
167,88.52814000000002,,2018-07-04 06:37:00.000,2018-07-03 22:56:00.000,UTC-0400,2018-07-04 06:51:30.285,2018-07-04 06:51:30.285,7.683333333333334,2018-07-03,Tuesday,2018-07,22,6,2018-07-04 17:23:00.000,2018-07-04 18:24:00.000,10.766666666666667
424,70.96774,,2018-07-04 18:24:00.000,2018-07-04 17:23:00.000,UTC-0400,2018-07-04 18:38:50.297,2018-07-04 18:38:50.297,1.0166666666666666,2018-07-04,Wednesday,2018-07,17,18,2018-07-04 23:26:00.000,2018-07-05 05:22:00.000,5.033333333333333
258,91.876755,,2018-07-05 05:22:00.000,2018-07-04 23:26:00.000,UTC-0400,2018-07-05 05:36:43.270,2018-07-05 05:36:43.270,5.933333333333334,2018-07-04,Wednesday,2018-07,23,5,2018-07-05 21:58:00.000,2018-07-06 06:52:00.000,16.6
257,93.45795,,2018-07-06 06:52:00.000,2018-07-05 21:58:00.000,UTC-0400,2018-07-06 06:53:57.562,2018-07-06 06:53:57.562,8.9,2018-07-05,Thursday,2018-07,21,6,2018-07-06 22:54:00.000,2018-07-07 07:25:00.000,16.033333333333335
493,92.38281,,2018-07-07 07:25:00.000,2018-07-06 22:54:00.000,UTC-0400,2018-07-07 07:39:38.307,2018-07-07 07:39:38.307,8.516666666666667,2018-07-06,Friday,2018-07,22,7,2018-07-07 15:11:00.000,2018-07-07 16:45:00.000,7.766666666666667
128,89.47369,,2018-07-07 16:45:00.000,2018-07-07 15:11:00.000,UTC-0400,2018-07-07 17:00:01.295,2018-07-07 17:00:01.295,1.5666666666666667,2018-07-07,Saturday,2018-07,15,16,2018-07-07 23:29:00.000,2018-07-08 08:46:00.000,6.733333333333333
331,93.177734,,2018-07-08 08:46:00.000,2018-07-07 23:29:00.000,UTC-0400,2018-07-08 08:46:30.044,2018-07-08 08:46:30.044,9.283333333333333,2018-07-07,Saturday,2018-07,23,8,2018-07-08 16:35:00.000,2018-07-08 18:31:00.000,7.816666666666666
454,95.726494,,2018-07-08 18:31:00.000,2018-07-08 16:35:00.000,UTC-0400,2018-07-08 18:32:20.834,2018-07-08 18:32:20.834,1.9333333333333333,2018-07-08,Sunday,2018-07,16,18,2018-07-09 00:03:00.000,2018-07-09 06:23:00.000,5.533333333333333
84,92.89474,,2018-07-09 06:23:00.000,2018-07-09 00:03:00.000,UTC-0400,2018-07-09 06:23:55.400,2018-07-09 06:23:55.400,6.333333333333333,2018-07-09,Monday,2018-07,0,6,2018-07-09 21:51:00.000,2018-07-10 06:52:00.000,15.466666666666667
377,90.40591,,2018-07-10 06:52:00.000,2018-07-09 21:51:00.000,UTC-0400,2018-07-10 06:54:13.603,2018-07-10 06:54:13.603,9.016666666666667,2018-07-09,Monday,2018-07,21,6,2018-07-10 22:35:00.000,2018-07-11 06:03:00.000,15.716666666666667
185,89.08686,,2018-07-11 06:03:00.000,2018-07-10 22:35:00.000,UTC-0400,2018-07-11 06:04:27.716,2018-07-11 06:04:27.716,7.466666666666667,2018-07-10,Tuesday,2018-07,22,6,2018-07-11 22:59:00.000,2018-07-12 06:09:00.000,16.933333333333334
59,94.43156,,2018-07-12 06:09:00.000,2018-07-11 22:59:00.000,UTC-0400,2018-07-12 06:11:50.772,2018-07-12 06:11:50.772,7.166666666666667,2018-07-11,Wednesday,2018-07,22,6,2018-07-12 22:11:00.000,2018-07-13 05:44:00.000,16.033333333333335
95,91.85022,,2018-07-13 05:44:00.000,2018-07-12 22:11:00.000,UTC-0400,2018-07-13 05:52:09.613,2018-07-13 05:52:09.613,7.55,2018-07-12,Thursday,2018-07,22,5,2018-07-13 16:33:00.000,2018-07-13 18:02:00.000,10.816666666666666
471,93.333336,,2018-07-13 18:02:00.000,2018-07-13 16:33:00.000,UTC-0400,2018-07-13 18:17:24.244,2018-07-13 18:17:24.244,1.4833333333333334,2018-07-13,Friday,2018-07,16,18,2018-07-13 23:37:00.000,2018-07-14 08:05:00.000,5.583333333333333
296,89.39095999999998,,2018-07-14 08:05:00.000,2018-07-13 23:37:00.000,UTC-0400,2018-07-14 08:07:07.494,2018-07-14 08:07:07.494,8.466666666666667,2018-07-13,Friday,2018-07,23,8,2018-07-14 21:00:00.000,2018-07-15 05:10:00.000,12.916666666666666
361,93.548386,,2018-07-15 05:10:00.000,2018-07-14 21:00:00.000,UTC-0400,2018-07-14 22:16:26.265,2018-07-14 22:16:26.265,8.166666666666666,2018-07-14,Saturday,2018-07,21,22,2018-07-15 23:18:00.000,2018-07-16 06:32:00.000,18.133333333333333
150,91.013824,,2018-07-16 06:32:00.000,2018-07-15 23:18:00.000,UTC-0400,2018-07-16 06:32:55.393,2018-07-16 06:32:55.393,7.233333333333333,2018-07-15,Sunday,2018-07,23,6,2018-07-16 22:16:00.000,2018-07-17 06:35:00.000,15.733333333333333
149,91.6,,2018-07-17 06:35:00.000,2018-07-16 22:16:00.000,UTC-0400,2018-07-17 06:50:08.318,2018-07-17 06:50:08.318,8.316666666666666,2018-07-16,Monday,2018-07,22,6,2018-07-17 23:08:00.000,2018-07-18 06:03:00.000,16.55
312,90.38461,,2018-07-18 06:03:00.000,2018-07-17 23:08:00.000,UTC-0400,2018-07-18 06:04:35.973,2018-07-18 06:04:35.973,6.916666666666667,2018-07-17,Tuesday,2018-07,23,6,2018-07-18 22:18:00.000,2018-07-19 06:35:00.000,16.25
129,91.967865,,2018-07-19 06:35:00.000,2018-07-18 22:18:00.000,UTC-0400,2018-07-19 06:49:32.311,2018-07-19 06:49:32.311,8.283333333333333,2018-07-18,Wednesday,2018-07,22,6,2018-07-19 21:55:00.000,2018-07-20 07:03:00.000,15.333333333333334
233,91.60584,,2018-07-20 07:03:00.000,2018-07-19 21:55:00.000,UTC-0400,2018-07-20 07:03:41.086,2018-07-20 07:03:41.086,9.133333333333333,2018-07-19,Thursday,2018-07,21,7,2018-07-20 23:38:00.000,2018-07-21 07:49:00.000,16.583333333333332
404,90.2439,,2018-07-21 07:49:00.000,2018-07-20 23:38:00.000,UTC-0400,2018-07-21 07:51:12.846,2018-07-21 07:51:12.846,8.183333333333334,2018-07-20,Friday,2018-07,23,7,2018-07-21 22:10:00.000,2018-07-22 06:51:00.000,14.35
144,88.50574499999998,,2018-07-22 06:51:00.000,2018-07-21 22:10:00.000,UTC-0400,2018-07-22 07:05:57.292,2018-07-22 07:05:57.292,8.683333333333334,2018-07-21,Saturday,2018-07,22,6,2018-07-22 16:24:00.000,2018-07-22 18:05:00.000,9.55
385,86.95652,,2018-07-22 18:05:00.000,2018-07-22 16:24:00.000,UTC-0400,2018-07-22 18:20:19.305,2018-07-22 18:20:19.305,1.6833333333333333,2018-07-22,Sunday,2018-07,16,18,2018-07-22 23:52:00.000,2018-07-23 06:21:00.000,5.783333333333333
219,88.97436,,2018-07-23 06:21:00.000,2018-07-22 23:52:00.000,UTC-0400,2018-07-23 06:36:11.282,2018-07-23 06:36:11.282,6.483333333333333,2018-07-22,Sunday,2018-07,23,6,2018-07-23 23:45:00.000,2018-07-24 06:42:00.000,17.4
77,89.43489,,2018-07-24 06:42:00.000,2018-07-23 23:45:00.000,UTC-0400,2018-07-24 06:42:52.983,2018-07-24 06:42:52.983,6.95,2018-07-23,Monday,2018-07,23,6,2018-07-25 00:10:00.000,2018-07-25 06:24:00.000,17.466666666666665
102,92.26667,,2018-07-25 06:24:00.000,2018-07-25 00:10:00.000,UTC-0400,2018-07-25 06:26:07.301,2018-07-25 06:26:07.301,6.233333333333333,2018-07-25,Wednesday,2018-07,0,6,2018-07-25 22:41:00.000,2018-07-26 07:00:00.000,16.283333333333335
293,89.77956400000002,,2018-07-26 07:00:00.000,2018-07-25 22:41:00.000,UTC-0400,2018-07-26 07:00:36.902,2018-07-26 07:00:36.902,8.316666666666666,2018-07-25,Wednesday,2018-07,22,7,2018-07-26 22:30:00.000,2018-07-27 06:09:00.000,15.5
27,92.82609,,2018-07-27 06:09:00.000,2018-07-26 22:30:00.000,UTC-0400,2018-07-27 06:23:50.300,2018-07-27 06:23:50.300,7.65,2018-07-26,Thursday,2018-07,22,6,2018-07-27 22:50:00.000,2018-07-28 07:31:00.000,16.683333333333334
131,90.804596,,2018-07-28 07:31:00.000,2018-07-27 22:50:00.000,UTC-0400,2018-07-28 07:46:15.350,2018-07-28 07:46:15.350,8.683333333333334,2018-07-27,Friday,2018-07,22,7,2018-07-29 00:04:00.000,2018-07-29 07:09:00.000,16.55
378,89.90610500000003,,2018-07-29 07:09:00.000,2018-07-29 00:04:00.000,UTC-0400,2018-07-29 07:10:06.340,2018-07-29 07:10:06.340,7.083333333333333,2018-07-29,Sunday,2018-07,0,7,2018-07-30 00:07:00.000,2018-07-30 06:50:00.000,16.966666666666665
37,86.84863,,2018-07-30 06:50:00.000,2018-07-30 00:07:00.000,UTC-0400,2018-07-30 06:50:49.068,2018-07-30 06:50:49.068,6.716666666666667,2018-07-30,Monday,2018-07,0,6,2018-07-30 22:42:00.000,2018-07-31 07:17:00.000,15.866666666666667
198,88.848915,,2018-07-31 07:17:00.000,2018-07-30 22:42:00.000,UTC-0400,2018-07-31 03:45:57.301,2018-07-31 03:45:57.301,8.583333333333334,2018-07-30,Monday,2018-07,22,3,2018-07-31 17:21:00.000,2018-07-31 18:38:00.000,10.066666666666666
457,96.15385,,2018-07-31 18:38:00.000,2018-07-31 17:21:00.000,UTC-0400,2018-07-31 18:53:17.302,2018-07-31 18:53:17.302,1.2833333333333334,2018-07-31,Tuesday,2018-07,17,18,2018-07-31 22:10:00.000,2018-08-01 06:26:00.000,3.533333333333333
53,89.93964,,2018-08-01 06:26:00.000,2018-07-31 22:10:00.000,UTC-0400,2018-08-01 06:40:40.285,2018-08-01 06:40:40.285,8.266666666666667,2018-07-31,Tuesday,2018-07,22,6,2018-08-01 22:19:00.000,2018-08-02 06:32:00.000,15.883333333333333
156,88.43813,,2018-08-02 06:32:00.000,2018-08-01 22:19:00.000,UTC-0400,2018-08-02 06:32:55.220,2018-08-02 06:32:55.220,8.216666666666667,2018-08-01,Wednesday,2018-08,22,6,2018-08-02 21:46:00.000,2018-08-03 06:10:00.000,15.233333333333333
414,86.930695,,2018-08-03 06:10:00.000,2018-08-02 21:46:00.000,UTC-0400,2018-08-03 06:25:24.291,2018-08-03 06:25:24.291,8.4,2018-08-02,Thursday,2018-08,21,6,2018-08-03 23:22:00.000,2018-08-04 07:14:00.000,17.2
327,89.21776,,2018-08-04 07:14:00.000,2018-08-03 23:22:00.000,UTC-0400,2018-08-04 07:16:35.282,2018-08-04 07:16:35.282,7.866666666666666,2018-08-03,Friday,2018-08,23,7,2018-08-04 22:40:00.000,2018-08-05 07:04:00.000,15.433333333333334
373,92.55319,,2018-08-05 07:04:00.000,2018-08-04 22:40:00.000,UTC-0400,2018-08-05 05:10:21.305,2018-08-05 05:10:21.305,8.4,2018-08-04,Saturday,2018-08,22,4,2018-08-05 22:49:00.000,2018-08-06 07:17:00.000,15.75
164,90.55118,,2018-08-06 07:17:00.000,2018-08-05 22:49:00.000,UTC-0400,2018-08-06 07:17:35.617,2018-08-06 07:17:35.617,8.466666666666667,2018-08-05,Sunday,2018-08,22,7,2018-08-06 15:18:00.000,2018-08-06 17:15:00.000,8.016666666666667
440,87.28813000000002,,2018-08-06 17:15:00.000,2018-08-06 15:18:00.000,UTC-0400,2018-08-06 17:29:58.253,2018-08-06 17:29:58.253,1.95,2018-08-06,Monday,2018-08,15,17,2018-08-06 23:24:00.000,2018-08-07 06:00:00.000,6.15
460,86.39799000000002,,2018-08-07 06:00:00.000,2018-08-06 23:24:00.000,UTC-0400,2018-08-07 06:15:20.672,2018-08-07 06:15:20.672,6.6,2018-08-06,Monday,2018-08,23,6,2018-08-07 22:29:00.000,2018-08-08 07:09:00.000,16.483333333333334
76,88.29175,,2018-08-08 07:09:00.000,2018-08-07 22:29:00.000,UTC-0400,2018-08-08 07:11:09.473,2018-08-08 07:11:09.473,8.666666666666666,2018-08-07,Tuesday,2018-08,22,7,2018-08-08 23:15:00.000,2018-08-09 06:49:00.000,16.1
162,91.78082,,2018-08-09 06:49:00.000,2018-08-08 23:15:00.000,UTC-0400,2018-08-09 04:20:36.284,2018-08-09 04:20:36.284,7.566666666666666,2018-08-08,Wednesday,2018-08,23,4,2018-08-09 23:45:00.000,2018-08-10 06:57:00.000,16.933333333333334
288,91.22402,,2018-08-10 06:57:00.000,2018-08-09 23:45:00.000,UTC-0400,2018-08-10 07:12:19.312,2018-08-10 07:12:19.312,7.2,2018-08-09,Thursday,2018-08,23,6,2018-08-10 23:48:00.000,2018-08-11 06:12:00.000,16.85
173,89.58333,,2018-08-11 06:12:00.000,2018-08-10 23:48:00.000,UTC-0400,2018-08-11 06:12:44.084,2018-08-11 06:12:44.084,6.4,2018-08-10,Friday,2018-08,23,6,2018-08-11 23:05:00.000,2018-08-12 06:47:00.000,16.883333333333333
341,93.722946,,2018-08-12 06:47:00.000,2018-08-11 23:05:00.000,UTC-0400,2018-08-12 06:47:27.642,2018-08-12 06:47:27.642,7.7,2018-08-11,Saturday,2018-08,23,6,2018-08-12 15:38:00.000,2018-08-12 17:57:00.000,8.85
375,84.28571,,2018-08-12 17:57:00.000,2018-08-12 15:38:00.000,UTC-0400,2018-08-12 17:58:22.993,2018-08-12 17:58:22.993,2.316666666666667,2018-08-12,Sunday,2018-08,15,17,2018-08-12 22:48:00.000,2018-08-13 06:30:00.000,4.85
146,90.712746,,2018-08-13 06:30:00.000,2018-08-12 22:48:00.000,UTC-0400,2018-08-13 06:31:36.378,2018-08-13 06:31:36.378,7.7,2018-08-12,Sunday,2018-08,22,6,2018-08-13 23:42:00.000,2018-08-14 06:44:00.000,17.2
350,89.756096,,2018-08-14 06:44:00.000,2018-08-13 23:42:00.000,UTC-0400,2018-08-14 06:46:31.123,2018-08-14 06:46:31.123,7.033333333333333,2018-08-13,Monday,2018-08,23,6,2018-08-14 22:40:00.000,2018-08-15 06:30:00.000,15.933333333333334
111,87.47346,,2018-08-15 06:30:00.000,2018-08-14 22:40:00.000,UTC-0400,2018-08-15 06:36:24.268,2018-08-15 06:36:24.268,7.833333333333333,2018-08-14,Tuesday,2018-08,22,6,2018-08-15 23:08:00.000,2018-08-16 06:47:00.000,16.633333333333333
182,89.29578000000002,,2018-08-16 06:47:00.000,2018-08-15 23:08:00.000,UTC-0400,2018-08-16 05:17:12.301,2018-08-16 05:17:12.301,7.65,2018-08-15,Wednesday,2018-08,23,5,2018-08-16 22:32:00.000,2018-08-17 06:30:00.000,15.75
284,90.18789,,2018-08-17 06:30:00.000,2018-08-16 22:32:00.000,UTC-0400,2018-08-17 06:45:07.263,2018-08-17 06:45:07.263,7.966666666666667,2018-08-16,Thursday,2018-08,22,6,2018-08-17 21:36:00.000,2018-08-18 06:37:00.000,15.1
8,89.83606999999998,,2018-08-18 06:37:00.000,2018-08-17 21:36:00.000,UTC-0400,2018-08-18 02:54:51.285,2018-08-18 02:54:51.285,9.016666666666667,2018-08-17,Friday,2018-08,21,2,2018-08-19 09:02:00.000,2018-08-19 11:00:00.000,2.4166666666666665
281,89.91597,,2018-08-19 11:00:00.000,2018-08-19 09:02:00.000,UTC+0200,2018-08-19 11:02:10.066,2018-08-19 11:02:10.066,1.9666666666666666,2018-08-19,Sunday,2018-08,9,11,2018-08-19 17:59:00.000,2018-08-20 01:25:00.000,6.983333333333333
483,89.709175,,2018-08-20 01:25:00.000,2018-08-19 17:59:00.000,UTC+0200,2018-08-20 01:29:04.692,2018-08-20 01:29:04.692,7.433333333333334,2018-08-19,Sunday,2018-08,17,1,2018-08-20 16:59:00.000,2018-08-21 00:51:00.000,15.566666666666666
108,90.4661,,2018-08-21 00:51:00.000,2018-08-20 16:59:00.000,UTC+0200,2018-08-21 00:51:55.146,2018-08-21 00:51:55.146,7.866666666666666,2018-08-20,Monday,2018-08,16,0,2018-08-21 14:04:00.000,2018-08-21 23:35:00.000,13.216666666666667
463,87.66234,,2018-08-21 23:35:00.000,2018-08-21 14:04:00.000,UTC+0200,2018-08-21 16:42:40.593,2018-08-21 16:42:40.593,9.516666666666667,2018-08-21,Tuesday,2018-08,14,16,2018-08-22 18:02:00.000,2018-08-23 01:13:00.000,18.45
38,87.61905,,2018-08-23 01:13:00.000,2018-08-22 18:02:00.000,UTC+0200,2018-08-23 01:27:55.279,2018-08-23 01:27:55.279,7.183333333333334,2018-08-22,Wednesday,2018-08,18,1,2018-08-23 17:40:00.000,2018-08-23 23:56:00.000,16.45
20,90.71619,,2018-08-23 23:56:00.000,2018-08-23 17:40:00.000,UTC+0200,2018-08-24 00:10:44.329,2018-08-24 00:10:44.329,6.266666666666667,2018-08-23,Thursday,2018-08,17,23,2018-08-24 16:23:00.000,2018-08-25 00:39:00.000,16.45
452,89.1348,,2018-08-25 00:39:00.000,2018-08-24 16:23:00.000,UTC+0200,2018-08-25 00:53:56.296,2018-08-25 00:53:56.296,8.266666666666667,2018-08-24,Friday,2018-08,16,0,2018-08-25 03:01:00.000,2018-08-25 08:14:00.000,2.3666666666666667
208,70.96774,,2018-08-25 08:14:00.000,2018-08-25 03:01:00.000,UTC+0200,2018-08-25 04:16:54.257,2018-08-25 04:16:54.257,5.216666666666667,2018-08-25,Saturday,2018-08,3,4,2018-08-25 19:05:00.000,2018-08-26 01:23:00.000,10.85
374,88.35979499999998,,2018-08-26 01:23:00.000,2018-08-25 19:05:00.000,UTC+0200,2018-08-26 01:23:54.123,2018-08-26 01:23:54.123,6.3,2018-08-25,Saturday,2018-08,19,1,2018-08-26 13:00:00.000,2018-08-26 14:42:00.000,11.616666666666667
420,89.21568,,2018-08-26 14:42:00.000,2018-08-26 13:00:00.000,UTC+0200,2018-08-26 14:42:55.444,2018-08-26 14:42:55.444,1.7,2018-08-26,Sunday,2018-08,13,14,2018-08-26 17:46:00.000,2018-08-27 01:40:00.000,3.066666666666667
314,90.634445,,2018-08-27 01:40:00.000,2018-08-26 17:46:00.000,UTC+0200,2018-08-26 23:31:20.341,2018-08-26 23:31:20.341,7.9,2018-08-26,Sunday,2018-08,17,23,2018-08-27 10:44:00.000,2018-08-27 12:38:00.000,9.066666666666666
112,83.47825999999998,,2018-08-27 12:38:00.000,2018-08-27 10:44:00.000,UTC+0200,2018-08-27 12:53:09.257,2018-08-27 12:53:09.257,1.9,2018-08-27,Monday,2018-08,10,12,2018-08-27 17:12:00.000,2018-08-28 00:15:00.000,4.566666666666666
189,91.037735,,2018-08-28 00:15:00.000,2018-08-27 17:12:00.000,UTC+0200,2018-08-28 00:17:06.495,2018-08-28 00:17:06.495,7.05,2018-08-27,Monday,2018-08,17,0,2018-08-28 21:18:00.000,2018-08-29 04:34:00.000,21.05
359,89.47369,,2018-08-29 04:34:00.000,2018-08-28 21:18:00.000,UTC-0400,2018-08-29 04:36:42.219,2018-08-29 04:36:42.219,7.266666666666667,2018-08-28,Tuesday,2018-08,21,4,2018-08-29 21:24:00.000,2018-08-30 06:43:00.000,16.833333333333332
172,89.43661999999998,,2018-08-30 06:43:00.000,2018-08-29 21:24:00.000,UTC-0400,2018-08-30 04:40:57.591,2018-08-30 04:40:57.591,9.316666666666666,2018-08-29,Wednesday,2018-08,21,4,2018-08-30 21:18:00.000,2018-08-31 07:29:00.000,14.583333333333334
430,90.36144,,2018-08-31 07:29:00.000,2018-08-30 21:18:00.000,UTC-0400,2018-08-31 04:15:29.450,2018-08-31 04:15:29.450,10.183333333333334,2018-08-30,Thursday,2018-08,21,4,2018-09-01 00:14:00.000,2018-09-01 08:21:00.000,16.75
459,89.32238000000002,,2018-09-01 08:21:00.000,2018-09-01 00:14:00.000,UTC-0400,2018-09-01 08:21:47.069,2018-09-01 08:21:47.069,8.116666666666667,2018-09-01,Saturday,2018-09,0,8,2018-09-01 16:42:00.000,2018-09-01 17:44:00.000,8.35
116,85.71429,,2018-09-01 17:44:00.000,2018-09-01 16:42:00.000,UTC-0400,2018-09-01 17:45:34.449,2018-09-01 17:45:34.449,1.0333333333333334,2018-09-01,Saturday,2018-09,16,17,2018-09-01 22:05:00.000,2018-09-02 06:42:00.000,4.35
179,86.65377,,2018-09-02 06:42:00.000,2018-09-01 22:05:00.000,UTC-0400,2018-09-02 06:42:38.245,2018-09-02 06:42:38.245,8.616666666666667,2018-09-01,Saturday,2018-09,22,6,2018-09-02 21:57:00.000,2018-09-03 07:44:00.000,15.25
134,86.54173,,2018-09-03 07:44:00.000,2018-09-02 21:57:00.000,UTC-0400,2018-09-03 07:44:51.531,2018-09-03 07:44:51.531,9.783333333333333,2018-09-02,Sunday,2018-09,21,7,2018-09-03 23:40:00.000,2018-09-04 06:23:00.000,15.933333333333334
169,87.87129,,2018-09-04 06:23:00.000,2018-09-03 23:40:00.000,UTC-0400,2018-09-04 06:37:36.265,2018-09-04 06:37:36.265,6.716666666666667,2018-09-03,Monday,2018-09,23,6,2018-09-04 22:46:00.000,2018-09-05 07:29:00.000,16.383333333333333
238,88.91013000000002,,2018-09-05 07:29:00.000,2018-09-04 22:46:00.000,UTC-0400,2018-09-05 07:29:46.251,2018-09-05 07:29:46.251,8.716666666666667,2018-09-04,Tuesday,2018-09,22,7,2018-09-05 22:52:00.000,2018-09-06 06:36:00.000,15.383333333333333
328,90.47619,,2018-09-06 06:36:00.000,2018-09-05 22:52:00.000,UTC-0400,2018-09-06 04:29:34.302,2018-09-06 04:29:34.302,7.733333333333333,2018-09-05,Wednesday,2018-09,22,4,2018-09-06 22:33:00.000,2018-09-07 06:28:00.000,15.95
262,90.336136,,2018-09-07 06:28:00.000,2018-09-06 22:33:00.000,UTC-0400,2018-09-07 06:30:21.427,2018-09-07 06:30:21.427,7.916666666666667,2018-09-06,Thursday,2018-09,22,6,2018-09-07 23:52:00.000,2018-09-08 06:16:00.000,17.4
194,91.94805,,2018-09-08 06:16:00.000,2018-09-07 23:52:00.000,UTC-0400,2018-09-08 06:30:35.252,2018-09-08 06:30:35.252,6.4,2018-09-07,Friday,2018-09,23,6,2018-09-09 00:05:00.000,2018-09-09 06:10:00.000,17.816666666666666
423,86.06965,,2018-09-09 06:10:00.000,2018-09-09 00:05:00.000,UTC-0400,2018-09-09 03:39:51.267,2018-09-09 03:39:51.267,6.083333333333333,2018-09-09,Sunday,2018-09,0,3,2018-09-09 22:15:00.000,2018-09-10 06:32:00.000,16.083333333333332
107,92.36948,,2018-09-10 06:32:00.000,2018-09-09 22:15:00.000,UTC-0400,2018-09-10 06:33:21.880,2018-09-10 06:33:21.880,8.283333333333333,2018-09-09,Sunday,2018-09,22,6,2018-09-10 23:06:00.000,2018-09-11 06:40:00.000,16.566666666666666
1,90.76923,,2018-09-11 06:40:00.000,2018-09-10 23:06:00.000,UTC-0400,2018-09-11 06:52:26.013,2018-09-11 06:52:26.013,7.566666666666666,2018-09-10,Monday,2018-09,23,6,2018-09-11 17:52:00.000,2018-09-11 20:05:00.000,11.2
259,95.522385,,2018-09-11 20:05:00.000,2018-09-11 17:52:00.000,UTC-0400,2018-09-11 20:20:14.281,2018-09-11 20:20:14.281,2.216666666666667,2018-09-11,Tuesday,2018-09,17,20,2018-09-12 00:42:00.000,2018-09-12 06:05:00.000,4.616666666666666
171,87.96296,,2018-09-12 06:05:00.000,2018-09-12 00:42:00.000,UTC-0400,2018-09-12 06:19:38.288,2018-09-12 06:19:38.288,5.383333333333334,2018-09-12,Wednesday,2018-09,0,6,2018-09-12 22:29:00.000,2018-09-13 06:13:00.000,16.4
428,91.594826,,2018-09-13 06:13:00.000,2018-09-12 22:29:00.000,UTC-0400,2018-09-13 06:13:40.485,2018-09-13 06:13:40.485,7.733333333333333,2018-09-12,Wednesday,2018-09,22,6,2018-09-13 22:34:00.000,2018-09-14 06:46:00.000,16.35
411,91.27789,,2018-09-14 06:46:00.000,2018-09-13 22:34:00.000,UTC-0400,2018-09-14 06:48:59.422,2018-09-14 06:48:59.422,8.2,2018-09-13,Thursday,2018-09,22,6,2018-09-14 23:40:00.000,2018-09-15 07:15:00.000,16.9
399,90.98901,,2018-09-15 07:15:00.000,2018-09-14 23:40:00.000,UTC-0400,2018-09-15 07:30:09.691,2018-09-15 07:30:09.691,7.583333333333333,2018-09-14,Friday,2018-09,23,7,2018-09-15 14:10:00.000,2018-09-15 16:20:00.000,6.916666666666667
290,92.36641,,2018-09-15 16:20:00.000,2018-09-15 14:10:00.000,UTC-0400,2018-09-15 16:21:28.897,2018-09-15 16:21:28.897,2.1666666666666665,2018-09-15,Saturday,2018-09,14,16,2018-09-15 23:04:00.000,2018-09-16 06:44:00.000,6.733333333333333
245,91.23223,,2018-09-16 06:44:00.000,2018-09-15 23:04:00.000,UTC-0400,2018-09-16 06:20:19.313,2018-09-16 06:20:19.313,7.666666666666667,2018-09-15,Saturday,2018-09,23,6,2018-09-16 22:45:00.000,2018-09-17 05:35:00.000,16.016666666666666
160,89.26829000000002,,2018-09-17 05:35:00.000,2018-09-16 22:45:00.000,UTC-0400,2018-09-17 05:36:35.764,2018-09-17 05:36:35.764,6.833333333333333,2018-09-16,Sunday,2018-09,22,5,2018-09-17 22:16:00.000,2018-09-18 05:40:00.000,16.683333333333334
295,89.66292,,2018-09-18 05:40:00.000,2018-09-17 22:16:00.000,UTC-0400,2018-09-18 05:55:23.375,2018-09-18 05:55:23.375,7.4,2018-09-17,Monday,2018-09,22,5,2018-09-18 22:56:00.000,2018-09-19 06:54:00.000,17.266666666666666
316,90.25641,,2018-09-19 06:54:00.000,2018-09-18 22:56:00.000,UTC-0400,2018-09-19 05:26:47.326,2018-09-19 05:26:47.326,7.966666666666667,2018-09-18,Tuesday,2018-09,22,5,2018-09-19 22:11:00.000,2018-09-20 07:13:00.000,15.283333333333333
79,90.05525,,2018-09-20 07:13:00.000,2018-09-19 22:11:00.000,UTC-0400,2018-09-20 07:14:58.143,2018-09-20 07:14:58.143,9.033333333333333,2018-09-19,Wednesday,2018-09,22,7,2018-09-20 22:47:00.000,2018-09-21 06:11:00.000,15.566666666666666
386,90.54054,,2018-09-21 06:11:00.000,2018-09-20 22:47:00.000,UTC-0400,2018-09-21 06:11:41.343,2018-09-21 06:11:41.343,7.4,2018-09-20,Thursday,2018-09,22,6,2018-09-21 22:02:00.000,2018-09-22 07:44:00.000,15.85
382,92.10977,,2018-09-22 07:44:00.000,2018-09-21 22:02:00.000,UTC-0400,2018-09-22 07:45:11.115,2018-09-22 07:45:11.115,9.7,2018-09-21,Friday,2018-09,22,7,2018-09-23 00:14:00.000,2018-09-23 07:27:00.000,16.5
323,91.111115,,2018-09-23 07:27:00.000,2018-09-23 00:14:00.000,UTC-0400,2018-09-23 04:58:02.267,2018-09-23 04:58:02.267,7.216666666666667,2018-09-23,Sunday,2018-09,0,4,2018-09-23 15:40:00.000,2018-09-23 17:33:00.000,8.216666666666667
322,87.7193,,2018-09-23 17:33:00.000,2018-09-23 15:40:00.000,UTC-0400,2018-09-23 17:47:33.287,2018-09-23 17:47:33.287,1.8833333333333333,2018-09-23,Sunday,2018-09,15,17,2018-09-23 23:47:00.000,2018-09-24 06:52:00.000,6.233333333333333
127,92.253525,,2018-09-24 06:52:00.000,2018-09-23 23:47:00.000,UTC-0400,2018-09-24 07:07:25.281,2018-09-24 07:07:25.281,7.083333333333333,2018-09-23,Sunday,2018-09,23,6,2018-09-24 21:46:00.000,2018-09-25 05:58:00.000,14.9
154,85.35211,,2018-09-25 05:58:00.000,2018-09-24 21:46:00.000,UTC-0400,2018-09-25 04:02:32.694,2018-09-25 04:02:32.694,8.2,2018-09-24,Monday,2018-09,21,4,2018-09-25 22:55:00.000,2018-09-26 06:06:00.000,16.95
260,90.74074,,2018-09-26 06:06:00.000,2018-09-25 22:55:00.000,UTC-0400,2018-09-26 06:12:51.007,2018-09-26 06:12:51.007,7.183333333333334,2018-09-25,Tuesday,2018-09,22,6,2018-09-26 22:13:00.000,2018-09-27 06:19:00.000,16.116666666666667
170,88.181816,,2018-09-27 06:19:00.000,2018-09-26 22:13:00.000,UTC-0400,2018-09-27 03:51:43.876,2018-09-27 03:51:43.876,8.1,2018-09-26,Wednesday,2018-09,22,3,2018-09-27 22:29:00.000,2018-09-28 06:51:00.000,16.166666666666668
391,85.57047,,2018-09-28 06:51:00.000,2018-09-27 22:29:00.000,UTC-0400,2018-09-28 03:41:19.296,2018-09-28 03:41:19.296,8.366666666666667,2018-09-27,Thursday,2018-09,22,3,2018-09-28 21:42:00.000,2018-09-29 07:41:00.000,14.85
0,91.54079,,2018-09-29 07:41:00.000,2018-09-28 21:42:00.000,UTC-0400,2018-09-29 03:26:30.294,2018-09-29 03:26:30.294,9.983333333333333,2018-09-28,Friday,2018-09,21,3,2018-09-29 15:05:00.000,2018-09-29 16:48:00.000,7.4
212,83.49515,,2018-09-29 16:48:00.000,2018-09-29 15:05:00.000,UTC-0400,2018-09-29 16:48:54.279,2018-09-29 16:48:54.279,1.7166666666666666,2018-09-29,Saturday,2018-09,15,16,2018-09-29 23:43:00.000,2018-09-30 09:05:00.000,6.916666666666667
234,93.68687,,2018-09-30 09:05:00.000,2018-09-29 23:43:00.000,UTC-0400,2018-09-30 06:32:46.288,2018-09-30 06:32:46.288,9.366666666666667,2018-09-29,Saturday,2018-09,23,6,2018-09-30 22:43:00.000,2018-10-01 05:31:00.000,13.633333333333333
218,89.73105,,2018-10-01 05:31:00.000,2018-09-30 22:43:00.000,UTC-0400,2018-10-01 05:32:06.375,2018-10-01 05:32:06.375,6.8,2018-09-30,Sunday,2018-09,22,5,2018-10-01 22:25:00.000,2018-10-02 05:49:00.000,16.9
140,95.73033,,2018-10-02 05:49:00.000,2018-10-01 22:25:00.000,UTC-0400,2018-10-02 05:50:03.813,2018-10-02 05:50:03.813,7.4,2018-10-01,Monday,2018-10,22,5,2018-10-02 22:41:00.000,2018-10-03 05:41:00.000,16.866666666666667
348,90.909096,,2018-10-03 05:41:00.000,2018-10-02 22:41:00.000,UTC-0400,2018-10-03 05:42:02.710,2018-10-03 05:42:02.710,7.0,2018-10-02,Tuesday,2018-10,22,5,2018-10-03 23:05:00.000,2018-10-04 07:34:00.000,17.4
66,94.31372,,2018-10-04 07:34:00.000,2018-10-03 23:05:00.000,UTC-0400,2018-10-04 07:36:30.969,2018-10-04 07:36:30.969,8.483333333333333,2018-10-03,Wednesday,2018-10,23,7,2018-10-04 18:35:00.000,2018-10-04 20:07:00.000,11.016666666666667
252,91.39785,,2018-10-04 20:07:00.000,2018-10-04 18:35:00.000,UTC-0400,2018-10-04 20:22:23.277,2018-10-04 20:22:23.277,1.5333333333333334,2018-10-04,Thursday,2018-10,18,20,2018-10-04 23:30:00.000,2018-10-05 05:56:00.000,3.3833333333333333
33,92.24806,,2018-10-05 05:56:00.000,2018-10-04 23:30:00.000,UTC-0400,2018-10-05 06:10:47.076,2018-10-05 06:10:47.076,6.433333333333334,2018-10-04,Thursday,2018-10,23,5,2018-10-05 22:09:00.000,2018-10-06 07:57:00.000,16.216666666666665
183,93.19728,,2018-10-06 07:57:00.000,2018-10-05 22:09:00.000,UTC-0400,2018-10-06 07:57:28.665,2018-10-06 07:57:28.665,9.8,2018-10-05,Friday,2018-10,22,7,2018-10-06 14:36:00.000,2018-10-06 17:00:00.000,6.65
469,88.965515,,2018-10-06 17:00:00.000,2018-10-06 14:36:00.000,UTC-0400,2018-10-06 17:02:10.063,2018-10-06 17:02:10.063,2.4,2018-10-06,Saturday,2018-10,14,17,2018-10-06 23:18:00.000,2018-10-07 07:10:00.000,6.3
9,90.69768,,2018-10-07 07:10:00.000,2018-10-06 23:18:00.000,UTC-0400,2018-10-07 07:25:16.324,2018-10-07 07:25:16.324,7.866666666666666,2018-10-06,Saturday,2018-10,23,7,2018-10-07 15:28:00.000,2018-10-07 16:57:00.000,8.3
52,77.77778,,2018-10-07 16:57:00.000,2018-10-07 15:28:00.000,UTC-0400,2018-10-07 17:12:08.338,2018-10-07 17:12:08.338,1.4833333333333334,2018-10-07,Sunday,2018-10,15,16,2018-10-08 02:21:00.000,2018-10-08 09:15:00.000,9.4
265,91.56626,,2018-10-08 09:15:00.000,2018-10-08 02:21:00.000,UTC-0400,2018-10-08 09:16:26.057,2018-10-08 09:16:26.057,6.9,2018-10-08,Monday,2018-10,2,9,2018-10-08 22:47:00.000,2018-10-09 06:53:00.000,13.533333333333333
153,92.30769,,2018-10-09 06:53:00.000,2018-10-08 22:47:00.000,UTC-0400,2018-10-09 04:00:13.290,2018-10-09 04:00:13.290,8.1,2018-10-08,Monday,2018-10,22,3,2018-10-09 23:20:00.000,2018-10-10 06:23:00.000,16.45
366,88.17967,,2018-10-10 06:23:00.000,2018-10-09 23:20:00.000,UTC-0400,2018-10-10 06:23:42.821,2018-10-10 06:23:42.821,7.05,2018-10-09,Tuesday,2018-10,23,6,2018-10-10 23:30:00.000,2018-10-11 06:23:00.000,17.116666666666667
466,86.71497,,2018-10-11 06:23:00.000,2018-10-10 23:30:00.000,UTC-0400,2018-10-11 06:24:36.718,2018-10-11 06:24:36.718,6.883333333333334,2018-10-10,Wednesday,2018-10,23,6,2018-10-11 22:02:00.000,2018-10-12 05:02:00.000,15.65
42,90.49881,,2018-10-12 05:02:00.000,2018-10-11 22:02:00.000,UTC-0400,2018-10-12 05:03:25.421,2018-10-12 05:03:25.421,7.0,2018-10-11,Thursday,2018-10,22,5,2018-10-12 22:22:00.000,2018-10-13 07:45:00.000,17.333333333333332
181,92.028984,,2018-10-13 07:45:00.000,2018-10-12 22:22:00.000,UTC-0400,2018-10-13 08:00:29.268,2018-10-13 08:00:29.268,9.383333333333333,2018-10-12,Friday,2018-10,22,7,2018-10-13 22:44:00.000,2018-10-14 06:50:00.000,14.983333333333333
165,95.454544,,2018-10-14 06:50:00.000,2018-10-13 22:44:00.000,UTC-0400,2018-10-14 05:53:37.460,2018-10-14 05:53:37.460,8.1,2018-10-13,Saturday,2018-10,22,5,2018-10-14 22:56:00.000,2018-10-15 06:28:00.000,16.1
342,92.494484,,2018-10-15 06:28:00.000,2018-10-14 22:56:00.000,UTC-0400,2018-10-15 06:29:57.623,2018-10-15 06:29:57.623,7.533333333333333,2018-10-14,Sunday,2018-10,22,6,2018-10-15 23:38:00.000,2018-10-16 06:00:00.000,17.166666666666668
197,91.38381,,2018-10-16 06:00:00.000,2018-10-15 23:38:00.000,UTC-0400,2018-10-16 06:07:10.390,2018-10-16 06:07:10.390,6.366666666666666,2018-10-15,Monday,2018-10,23,6,2018-10-16 21:32:00.000,2018-10-17 06:37:00.000,15.533333333333333
132,93.589745,,2018-10-17 06:37:00.000,2018-10-16 21:32:00.000,UTC-0400,2018-10-17 06:38:34.989,2018-10-17 06:38:34.989,9.083333333333334,2018-10-16,Tuesday,2018-10,21,6,2018-10-17 23:03:00.000,2018-10-18 07:02:00.000,16.433333333333334
270,90.82353,,2018-10-18 07:02:00.000,2018-10-17 23:03:00.000,UTC-0400,2018-10-18 06:20:45.824,2018-10-18 06:20:45.824,7.983333333333333,2018-10-17,Wednesday,2018-10,23,6,2018-10-18 23:00:00.000,2018-10-19 05:39:00.000,15.966666666666667
25,92.230576,,2018-10-19 05:39:00.000,2018-10-18 23:00:00.000,UTC-0400,2018-10-19 05:39:57.248,2018-10-19 05:39:57.248,6.65,2018-10-18,Thursday,2018-10,23,5,2018-10-19 18:53:00.000,2018-10-19 20:50:00.000,13.233333333333333
481,94.067795,,2018-10-19 20:50:00.000,2018-10-19 18:53:00.000,UTC-0400,2018-10-19 21:05:18.324,2018-10-19 21:05:18.324,1.95,2018-10-19,Friday,2018-10,18,20,2018-10-19 23:11:00.000,2018-10-20 06:29:00.000,2.35
461,93.849655,,2018-10-20 06:29:00.000,2018-10-19 23:11:00.000,UTC-0400,2018-10-20 06:30:27.431,2018-10-20 06:30:27.431,7.3,2018-10-19,Friday,2018-10,23,6,2018-10-21 00:48:00.000,2018-10-21 08:57:00.000,18.316666666666666
255,89.79590999999998,,2018-10-21 08:57:00.000,2018-10-21 00:48:00.000,UTC-0400,2018-10-21 08:59:04.288,2018-10-21 08:59:04.288,8.15,2018-10-21,Sunday,2018-10,0,8,2018-10-21 16:56:00.000,2018-10-21 18:39:00.000,7.983333333333333
133,90.38461,,2018-10-21 18:39:00.000,2018-10-21 16:56:00.000,UTC-0400,2018-10-21 18:53:58.284,2018-10-21 18:53:58.284,1.7166666666666666,2018-10-21,Sunday,2018-10,16,18,2018-10-21 23:54:00.000,2018-10-22 06:36:00.000,5.25
307,93.03483,,2018-10-22 06:36:00.000,2018-10-21 23:54:00.000,UTC-0400,2018-10-22 06:36:45.452,2018-10-22 06:36:45.452,6.7,2018-10-21,Sunday,2018-10,23,6,2018-10-22 21:30:00.000,2018-10-23 06:16:00.000,14.9
477,91.84061,,2018-10-23 06:16:00.000,2018-10-22 21:30:00.000,UTC-0400,2018-10-23 06:31:01.281,2018-10-23 06:31:01.281,8.766666666666667,2018-10-22,Monday,2018-10,21,6,2018-10-23 17:42:00.000,2018-10-24 06:22:00.000,11.433333333333334
475,93.40659,,2018-10-24 06:22:00.000,2018-10-23 17:42:00.000,UTC-0400,2018-10-23 19:27:22.292,2018-10-23 19:27:22.292,12.666666666666666,2018-10-23,Tuesday,2018-10,17,19,2018-10-24 22:46:00.000,2018-10-25 05:33:00.000,16.4
73,95.34314,,2018-10-25 05:33:00.000,2018-10-24 22:46:00.000,UTC-0400,2018-10-25 05:47:39.274,2018-10-25 05:47:39.274,6.783333333333333,2018-10-24,Wednesday,2018-10,22,5,2018-10-25 21:08:00.000,2018-10-26 07:02:00.000,15.583333333333334
273,92.25589,,2018-10-26 07:02:00.000,2018-10-25 21:08:00.000,UTC-0400,2018-10-26 07:02:35.787,2018-10-26 07:02:35.787,9.9,2018-10-25,Thursday,2018-10,21,7,2018-10-26 22:50:00.000,2018-10-27 07:34:00.000,15.8
376,91.61905,,2018-10-27 07:34:00.000,2018-10-26 22:50:00.000,UTC-0400,2018-10-27 07:35:26.584,2018-10-27 07:35:26.584,8.733333333333333,2018-10-26,Friday,2018-10,22,7,2018-10-27 15:11:00.000,2018-10-27 17:31:00.000,7.616666666666666
271,92.90781,,2018-10-27 17:31:00.000,2018-10-27 15:11:00.000,UTC-0400,2018-10-27 17:32:13.822,2018-10-27 17:32:13.822,2.3333333333333335,2018-10-27,Saturday,2018-10,15,17,2018-10-27 22:51:00.000,2018-10-28 06:33:00.000,5.333333333333333
367,92.00864,,2018-10-28 06:33:00.000,2018-10-27 22:51:00.000,UTC-0400,2018-10-28 06:34:22.999,2018-10-28 06:34:22.999,7.7,2018-10-27,Saturday,2018-10,22,6,2018-10-28 22:57:00.000,2018-10-29 06:26:00.000,16.4
202,93.98663,,2018-10-29 06:26:00.000,2018-10-28 22:57:00.000,UTC-0400,2018-10-29 06:26:34.724,2018-10-29 06:26:34.724,7.483333333333333,2018-10-28,Sunday,2018-10,22,6,2018-10-29 22:41:00.000,2018-10-30 05:41:00.000,16.25
353,91.2114,,2018-10-30 05:41:00.000,2018-10-29 22:41:00.000,UTC-0400,2018-10-30 05:56:23.271,2018-10-30 05:56:23.271,7.0,2018-10-29,Monday,2018-10,22,5,2018-10-30 22:17:00.000,2018-10-31 05:21:00.000,16.6
439,94.48621,,2018-10-31 05:21:00.000,2018-10-30 22:17:00.000,UTC-0400,2018-10-31 04:56:39.094,2018-10-31 04:56:39.094,7.066666666666666,2018-10-30,Tuesday,2018-10,22,4,2018-10-31 22:32:00.000,2018-11-01 05:52:00.000,17.183333333333334
143,92.11469,,2018-11-01 05:52:00.000,2018-10-31 22:32:00.000,UTC-0400,2018-11-01 03:12:11.798,2018-11-01 03:12:11.798,7.333333333333333,2018-10-31,Wednesday,2018-10,22,3,2018-11-02 00:09:00.000,2018-11-02 07:31:00.000,18.283333333333335
442,94.13093,,2018-11-02 07:31:00.000,2018-11-02 00:09:00.000,UTC-0400,2018-11-02 07:32:18.073,2018-11-02 07:32:18.073,7.366666666666666,2018-11-02,Friday,2018-11,0,7,2018-11-02 18:24:00.000,2018-11-02 19:39:00.000,10.883333333333333
354,92.10526,,2018-11-02 19:39:00.000,2018-11-02 18:24:00.000,UTC-0400,2018-11-02 19:54:10.268,2018-11-02 19:54:10.268,1.25,2018-11-02,Friday,2018-11,18,19,2018-11-03 00:51:00.000,2018-11-03 07:02:00.000,5.2
220,95.68733,,2018-11-03 07:02:00.000,2018-11-03 00:51:00.000,UTC-0400,2018-11-03 07:02:44.189,2018-11-03 07:02:44.189,6.183333333333334,2018-11-03,Saturday,2018-11,0,7,2018-11-03 14:17:00.000,2018-11-03 15:48:00.000,7.25
383,92.391304,,2018-11-03 15:48:00.000,2018-11-03 14:17:00.000,UTC-0400,2018-11-03 16:03:24.233,2018-11-03 16:03:24.233,1.5166666666666666,2018-11-03,Saturday,2018-11,14,15,2018-11-03 23:50:00.000,2018-11-04 06:54:00.000,8.033333333333333
231,92.98969,,2018-11-04 06:54:00.000,2018-11-03 23:50:00.000,UTC-0500,2018-11-04 06:56:27.310,2018-11-04 06:56:27.310,7.066666666666666,2018-11-03,Saturday,2018-11,23,6,2018-11-04 22:21:00.000,2018-11-05 06:31:00.000,15.45
119,91.224495,,2018-11-05 06:31:00.000,2018-11-04 22:21:00.000,UTC-0500,2018-11-05 06:31:53.276,2018-11-05 06:31:53.276,8.166666666666666,2018-11-04,Sunday,2018-11,22,6,2018-11-05 20:29:00.000,2018-11-06 06:56:00.000,13.966666666666667
289,89.49044,,2018-11-06 06:56:00.000,2018-11-05 20:29:00.000,UTC-0500,2018-11-06 06:57:16.108,2018-11-06 06:57:16.108,10.45,2018-11-05,Monday,2018-11,20,6,2018-11-06 22:41:00.000,2018-11-07 06:28:00.000,15.75
14,90.17094,,2018-11-07 06:28:00.000,2018-11-06 22:41:00.000,UTC-0500,2018-11-07 06:36:44.273,2018-11-07 06:36:44.273,7.783333333333333,2018-11-06,Tuesday,2018-11,22,6,2018-11-07 22:41:00.000,2018-11-08 05:37:00.000,16.216666666666665
309,90.625,,2018-11-08 05:37:00.000,2018-11-07 22:41:00.000,UTC-0500,2018-11-08 05:37:57.040,2018-11-08 05:37:57.040,6.933333333333334,2018-11-07,Wednesday,2018-11,22,5,2018-11-08 20:51:00.000,2018-11-09 07:31:00.000,15.233333333333333
402,90.48362,,2018-11-09 07:31:00.000,2018-11-08 20:51:00.000,UTC-0500,2018-11-09 07:32:51.469,2018-11-09 07:32:51.469,10.666666666666666,2018-11-08,Thursday,2018-11,20,7,2018-11-09 22:49:00.000,2018-11-10 07:00:00.000,15.3
456,89.61303000000002,,2018-11-10 07:00:00.000,2018-11-09 22:49:00.000,UTC-0500,2018-11-10 07:00:22.647,2018-11-10 07:00:22.647,8.183333333333334,2018-11-09,Friday,2018-11,22,7,2018-11-10 23:48:00.000,2018-11-11 07:40:00.000,16.8
201,88.58351,,2018-11-11 07:40:00.000,2018-11-10 23:48:00.000,UTC-0500,2018-11-11 07:54:36.280,2018-11-11 07:54:36.280,7.866666666666666,2018-11-10,Saturday,2018-11,23,7,2018-11-11 22:01:00.000,2018-11-12 06:13:00.000,14.35
388,88.2353,,2018-11-12 06:13:00.000,2018-11-11 22:01:00.000,UTC-0500,2018-11-12 06:19:37.295,2018-11-12 06:19:37.295,8.2,2018-11-11,Sunday,2018-11,22,6,2018-11-12 21:33:00.000,2018-11-13 06:03:00.000,15.333333333333334
355,91.71429,,2018-11-13 06:03:00.000,2018-11-12 21:33:00.000,UTC-0500,2018-11-13 03:23:47.678,2018-11-13 03:23:47.678,8.5,2018-11-12,Monday,2018-11,21,3,2018-11-14 22:25:00.000,2018-11-15 05:46:00.000,16.366666666666667
264,93.66516,,2018-11-15 05:46:00.000,2018-11-14 22:25:00.000,UTC-0500,2018-11-15 05:47:47.254,2018-11-15 05:47:47.254,7.35,2018-11-14,Wednesday,2018-11,22,5,2018-11-15 21:53:00.000,2018-11-16 06:18:00.000,16.116666666666667
343,91.68317,,2018-11-16 06:18:00.000,2018-11-15 21:53:00.000,UTC-0500,2018-11-16 06:18:59.632,2018-11-16 06:18:59.632,8.416666666666666,2018-11-15,Thursday,2018-11,21,6,2018-11-16 21:49:00.000,2018-11-17 07:03:00.000,15.516666666666667
239,91.17117,,2018-11-17 07:03:00.000,2018-11-16 21:49:00.000,UTC-0500,2018-11-17 07:04:35.511,2018-11-17 07:04:35.511,9.233333333333333,2018-11-16,Friday,2018-11,21,7,2018-11-17 13:39:00.000,2018-11-17 15:12:00.000,6.6
88,89.3617,,2018-11-17 15:12:00.000,2018-11-17 13:39:00.000,UTC-0500,2018-11-17 15:27:29.259,2018-11-17 15:27:29.259,1.55,2018-11-17,Saturday,2018-11,13,15,2018-11-18 01:05:00.000,2018-11-18 07:35:00.000,9.883333333333333
274,91.81586,,2018-11-18 07:35:00.000,2018-11-18 01:05:00.000,UTC-0500,2018-11-18 07:36:43.965,2018-11-18 07:36:43.965,6.5,2018-11-18,Sunday,2018-11,1,7,2018-11-18 22:09:00.000,2018-11-19 07:01:00.000,14.566666666666666
435,87.80488000000003,,2018-11-19 07:01:00.000,2018-11-18 22:09:00.000,UTC-0500,2018-11-19 07:15:45.263,2018-11-19 07:15:45.263,8.866666666666667,2018-11-18,Sunday,2018-11,22,7,2018-11-19 22:17:00.000,2018-11-20 05:52:00.000,15.266666666666667
495,91.39785,,2018-11-20 05:52:00.000,2018-11-19 22:17:00.000,UTC-0500,2018-11-20 04:43:02.300,2018-11-20 04:43:02.300,7.583333333333333,2018-11-19,Monday,2018-11,22,4,2018-11-20 21:34:00.000,2018-11-21 06:39:00.000,15.7
282,92.840096,,2018-11-21 06:39:00.000,2018-11-20 21:34:00.000,UTC-0500,2018-11-21 04:33:21.985,2018-11-21 04:33:21.985,9.083333333333334,2018-11-20,Tuesday,2018-11,21,4,2018-11-21 21:59:00.000,2018-11-22 05:35:00.000,15.333333333333334
90,92.341354,,2018-11-22 05:35:00.000,2018-11-21 21:59:00.000,UTC-0500,2018-11-22 05:36:12.261,2018-11-22 05:36:12.261,7.6,2018-11-21,Wednesday,2018-11,21,5,2018-11-22 22:14:00.000,2018-11-23 06:52:00.000,16.65
496,89.980736,,2018-11-23 06:52:00.000,2018-11-22 22:14:00.000,UTC-0500,2018-11-23 07:07:22.308,2018-11-23 07:07:22.308,8.633333333333333,2018-11-22,Thursday,2018-11,22,6,2018-11-23 21:10:00.000,2018-11-24 05:26:00.000,14.3
3,92.55533,,2018-11-24 05:26:00.000,2018-11-23 21:10:00.000,UTC-0500,2018-11-24 05:27:50.788,2018-11-24 05:27:50.788,8.266666666666667,2018-11-23,Friday,2018-11,21,5,2018-11-24 07:32:00.000,2018-11-24 08:48:00.000,2.1
163,92.20779,,2018-11-24 08:48:00.000,2018-11-24 07:32:00.000,UTC-0500,2018-11-24 09:03:18.342,2018-11-24 09:03:18.342,1.2666666666666666,2018-11-24,Saturday,2018-11,7,8,2018-11-24 22:24:00.000,2018-11-25 06:26:00.000,13.6
12,91.30435,,2018-11-25 06:26:00.000,2018-11-24 22:24:00.000,UTC-0500,2018-11-25 06:27:35.592,2018-11-25 06:27:35.592,8.033333333333333,2018-11-24,Saturday,2018-11,22,6,2018-11-25 22:07:00.000,2018-11-26 06:22:00.000,15.683333333333334
315,92.1371,,2018-11-26 06:22:00.000,2018-11-25 22:07:00.000,UTC-0500,2018-11-26 06:36:33.287,2018-11-26 06:36:33.287,8.25,2018-11-25,Sunday,2018-11,22,6,2018-11-26 21:38:00.000,2018-11-27 05:36:00.000,15.266666666666667
489,90.18789,,2018-11-27 05:36:00.000,2018-11-26 21:38:00.000,UTC-0500,2018-11-27 05:37:55.417,2018-11-27 05:37:55.417,7.966666666666667,2018-11-26,Monday,2018-11,21,5,2018-11-27 21:12:00.000,2018-11-28 05:59:00.000,15.6
36,89.393936,,2018-11-28 05:59:00.000,2018-11-27 21:12:00.000,UTC-0500,2018-11-28 06:00:52.322,2018-11-28 06:00:52.322,8.783333333333333,2018-11-27,Tuesday,2018-11,21,5,2018-11-28 22:43:00.000,2018-11-29 05:49:00.000,16.733333333333334
6,92.27166,,2018-11-29 05:49:00.000,2018-11-28 22:43:00.000,UTC-0500,2018-11-29 05:51:02.352,2018-11-29 05:51:02.352,7.1,2018-11-28,Wednesday,2018-11,22,5,2018-11-29 16:26:00.000,2018-11-29 18:31:00.000,10.616666666666667
236,84.12698,,2018-11-29 18:31:00.000,2018-11-29 16:26:00.000,UTC-0500,2018-11-29 18:46:23.289,2018-11-29 18:46:23.289,2.0833333333333335,2018-11-29,Thursday,2018-11,16,18,2018-11-29 23:17:00.000,2018-11-30 06:30:00.000,4.766666666666667
206,90.78341,,2018-11-30 06:30:00.000,2018-11-29 23:17:00.000,UTC-0500,2018-11-30 06:45:16.270,2018-11-30 06:45:16.270,7.216666666666667,2018-11-29,Thursday,2018-11,23,6,2018-11-30 22:45:00.000,2018-12-01 08:24:00.000,16.25
51,92.5734,,2018-12-01 08:24:00.000,2018-11-30 22:45:00.000,UTC-0500,2018-12-01 08:24:31.452,2018-12-01 08:24:31.452,9.65,2018-11-30,Friday,2018-11,22,8,2018-12-01 15:58:00.000,2018-12-01 17:18:00.000,7.566666666666666
113,88.88889,,2018-12-01 17:18:00.000,2018-12-01 15:58:00.000,UTC-0500,2018-12-01 17:32:49.266,2018-12-01 17:32:49.266,1.3333333333333333,2018-12-01,Saturday,2018-12,15,17,2018-12-02 00:36:00.000,2018-12-02 07:34:00.000,7.3
453,92.36277,,2018-12-02 07:34:00.000,2018-12-02 00:36:00.000,UTC-0500,2018-12-02 07:36:17.370,2018-12-02 07:36:17.370,6.966666666666667,2018-12-02,Sunday,2018-12,0,7,2018-12-02 22:42:00.000,2018-12-03 06:56:00.000,15.133333333333333
422,90.50505,,2018-12-03 06:56:00.000,2018-12-02 22:42:00.000,UTC-0500,2018-12-03 06:58:49.848,2018-12-03 06:58:49.848,8.233333333333333,2018-12-02,Sunday,2018-12,22,6,2018-12-03 22:22:00.000,2018-12-04 07:41:00.000,15.433333333333334
317,88.66856,,2018-12-04 07:41:00.000,2018-12-03 22:22:00.000,UTC-0500,2018-12-04 04:15:35.230,2018-12-04 04:15:35.230,9.316666666666666,2018-12-03,Monday,2018-12,22,4,2018-12-04 21:55:00.000,2018-12-05 06:00:00.000,14.233333333333333
35,92.91045,,2018-12-05 06:00:00.000,2018-12-04 21:55:00.000,UTC-0500,2018-12-05 02:29:38.568,2018-12-05 02:29:38.568,8.083333333333334,2018-12-04,Tuesday,2018-12,21,2,2018-12-05 22:38:00.000,2018-12-06 06:33:00.000,16.633333333333333
120,90.44289,,2018-12-06 06:33:00.000,2018-12-05 22:38:00.000,UTC-0500,2018-12-06 05:47:27.502,2018-12-06 05:47:27.502,7.916666666666667,2018-12-05,Wednesday,2018-12,22,5,2018-12-06 22:27:00.000,2018-12-07 07:01:00.000,15.9
418,91.84466,,2018-12-07 07:01:00.000,2018-12-06 22:27:00.000,UTC-0500,2018-12-07 07:03:03.501,2018-12-07 07:03:03.501,8.566666666666666,2018-12-06,Thursday,2018-12,22,7,2018-12-07 22:04:00.000,2018-12-08 06:30:00.000,15.05
93,94.67456,,2018-12-08 06:30:00.000,2018-12-07 22:04:00.000,UTC-0500,2018-12-08 06:31:05.838,2018-12-08 06:31:05.838,8.433333333333334,2018-12-07,Friday,2018-12,22,6,2018-12-08 22:17:00.000,2018-12-09 08:18:00.000,15.783333333333333
396,93.04813,,2018-12-09 08:18:00.000,2018-12-08 22:17:00.000,UTC-0500,2018-12-09 04:31:13.345,2018-12-09 04:31:13.345,10.016666666666667,2018-12-08,Saturday,2018-12,22,4,2018-12-09 22:34:00.000,2018-12-10 08:10:00.000,14.266666666666667
85,90.52133,,2018-12-10 08:10:00.000,2018-12-09 22:34:00.000,UTC-0500,2018-12-10 02:18:38.261,2018-12-10 02:18:38.261,9.6,2018-12-09,Sunday,2018-12,22,2,2018-12-10 22:21:00.000,2018-12-11 06:33:00.000,14.183333333333334
358,91.85803,,2018-12-11 06:33:00.000,2018-12-10 22:21:00.000,UTC-0500,2018-12-11 06:34:16.144,2018-12-11 06:34:16.144,8.2,2018-12-10,Monday,2018-12,22,6,2018-12-11 23:07:00.000,2018-12-12 08:03:00.000,16.566666666666666
370,90.130356,,2018-12-12 08:03:00.000,2018-12-11 23:07:00.000,UTC-0500,2018-12-12 08:04:07.432,2018-12-12 08:04:07.432,8.933333333333334,2018-12-11,Tuesday,2018-12,23,8,2018-12-12 22:17:00.000,2018-12-13 05:41:00.000,14.233333333333333
248,87.64045,,2018-12-13 05:41:00.000,2018-12-12 22:17:00.000,UTC-0500,2018-12-13 05:46:29.602,2018-12-13 05:46:29.602,7.4,2018-12-12,Wednesday,2018-12,22,5,2018-12-13 21:43:00.000,2018-12-14 05:19:00.000,16.033333333333335
432,93.43545,,2018-12-14 05:19:00.000,2018-12-13 21:43:00.000,UTC-0500,2018-12-14 05:20:21.420,2018-12-14 05:20:21.420,7.6,2018-12-13,Thursday,2018-12,21,5,2018-12-14 22:28:00.000,2018-12-15 05:28:00.000,17.15
390,90.47619,,2018-12-15 05:28:00.000,2018-12-14 22:28:00.000,UTC-0500,2018-12-15 05:07:13.803,2018-12-15 05:07:13.803,7.0,2018-12-14,Friday,2018-12,22,5,2018-12-15 21:41:00.000,2018-12-16 07:00:00.000,16.216666666666665
19,89.54128,,2018-12-16 07:00:00.000,2018-12-15 21:41:00.000,UTC-0500,2018-12-16 07:00:23.008,2018-12-16 07:00:23.008,9.316666666666666,2018-12-15,Saturday,2018-12,21,7,2018-12-16 21:20:00.000,2018-12-17 06:11:00.000,14.333333333333334
438,90.01883000000002,,2018-12-17 06:11:00.000,2018-12-16 21:20:00.000,UTC-0500,2018-12-17 06:11:52.641,2018-12-17 06:11:52.641,8.85,2018-12-16,Sunday,2018-12,21,6,2018-12-18 00:11:00.000,2018-12-18 06:55:00.000,18.0
28,89.87654,,2018-12-18 06:55:00.000,2018-12-18 00:11:00.000,UTC-0500,2018-12-18 07:10:03.345,2018-12-18 07:10:03.345,6.733333333333333,2018-12-18,Tuesday,2018-12,0,6,2018-12-18 23:13:00.000,2018-12-19 07:38:00.000,16.3
364,91.30435,,2018-12-19 07:38:00.000,2018-12-18 23:13:00.000,UTC-0500,2018-12-19 07:43:51.518,2018-12-19 07:43:51.518,8.416666666666666,2018-12-18,Tuesday,2018-12,23,7,2018-12-19 23:20:00.000,2018-12-20 06:48:00.000,15.7
70,90.423164,,2018-12-20 06:48:00.000,2018-12-19 23:20:00.000,UTC-0500,2018-12-20 06:49:43.477,2018-12-20 06:49:43.477,7.466666666666667,2018-12-19,Wednesday,2018-12,23,6,2018-12-20 22:39:00.000,2018-12-21 08:01:00.000,15.85
303,90.94139,,2018-12-21 08:01:00.000,2018-12-20 22:39:00.000,UTC-0500,2018-12-21 08:16:03.263,2018-12-21 08:16:03.263,9.366666666666667,2018-12-20,Thursday,2018-12,22,8,2018-12-21 23:18:00.000,2018-12-22 07:32:00.000,15.283333333333333
467,90.890686,,2018-12-22 07:32:00.000,2018-12-21 23:18:00.000,UTC-0500,2018-12-22 07:32:43.990,2018-12-22 07:32:43.990,8.233333333333333,2018-12-21,Friday,2018-12,23,7,2018-12-22 22:40:00.000,2018-12-23 08:27:00.000,15.133333333333333
46,90.97104,,2018-12-23 08:27:00.000,2018-12-22 22:40:00.000,UTC-0500,2018-12-23 08:27:11.850,2018-12-23 08:27:11.850,9.783333333333333,2018-12-22,Saturday,2018-12,22,8,2018-12-24 00:00:00.000,2018-12-24 08:22:00.000,15.55
472,89.662025,,2018-12-24 08:22:00.000,2018-12-24 00:00:00.000,UTC-0500,2018-12-24 08:23:36.079,2018-12-24 08:23:36.079,8.366666666666667,2018-12-24,Monday,2018-12,0,8,2018-12-24 23:34:00.000,2018-12-25 06:55:00.000,15.2
267,90.04525,,2018-12-25 06:55:00.000,2018-12-24 23:34:00.000,UTC-0500,2018-12-25 06:56:26.968,2018-12-25 06:56:26.968,7.35,2018-12-24,Monday,2018-12,23,6,2018-12-25 23:39:00.000,2018-12-26 09:00:00.000,16.733333333333334
444,91.1032,,2018-12-26 09:00:00.000,2018-12-25 23:39:00.000,UTC-0500,2018-12-26 09:14:40.285,2018-12-26 09:14:40.285,9.35,2018-12-25,Tuesday,2018-12,23,9,2018-12-27 00:31:00.000,2018-12-27 08:53:00.000,15.516666666666667
476,89.86083,,2018-12-27 08:53:00.000,2018-12-27 00:31:00.000,UTC-0500,2018-12-27 09:08:01.285,2018-12-27 09:08:01.285,8.366666666666667,2018-12-27,Thursday,2018-12,0,8,2018-12-28 00:50:00.000,2018-12-28 09:17:00.000,15.95
437,94.76309,,2018-12-28 09:17:00.000,2018-12-28 00:50:00.000,UTC-0500,2018-12-28 07:32:49.552,2018-12-28 07:32:49.552,8.45,2018-12-28,Friday,2018-12,0,7,2018-12-28 23:04:00.000,2018-12-29 08:12:00.000,13.783333333333333
397,91.78832,,2018-12-29 08:12:00.000,2018-12-28 23:04:00.000,UTC-0500,2018-12-29 08:12:34.670,2018-12-29 08:12:34.670,9.133333333333333,2018-12-28,Friday,2018-12,23,8,2018-12-29 15:07:00.000,2018-12-29 17:21:00.000,6.916666666666667
254,82.96296,,2018-12-29 17:21:00.000,2018-12-29 15:07:00.000,UTC-0500,2018-12-29 17:36:28.276,2018-12-29 17:36:28.276,2.2333333333333334,2018-12-29,Saturday,2018-12,15,17,2018-12-30 00:58:00.000,2018-12-30 08:18:00.000,7.616666666666666
176,90.022675,,2018-12-30 08:18:00.000,2018-12-30 00:58:00.000,UTC-0500,2018-12-30 08:20:12.635,2018-12-30 08:20:12.635,7.333333333333333,2018-12-30,Sunday,2018-12,0,8,2018-12-31 00:47:00.000,2018-12-31 08:13:00.000,16.483333333333334
433,91.27517,,2018-12-31 08:13:00.000,2018-12-31 00:47:00.000,UTC-0500,2018-12-31 08:27:58.272,2018-12-31 08:27:58.272,7.433333333333334,2018-12-31,Monday,2018-12,0,8,2018-12-31 11:00:00.000,2018-12-31 12:18:00.000,2.783333333333333
82,94.936714,,2018-12-31 12:18:00.000,2018-12-31 11:00:00.000,UTC-0500,2018-12-31 12:33:25.286,2018-12-31 12:33:25.286,1.3,2018-12-31,Monday,2018-12,11,12,2018-12-31 23:55:00.000,2019-01-01 08:14:00.000,11.616666666666667
48,91.2,,2019-01-01 08:14:00.000,2018-12-31 23:55:00.000,UTC-0500,2019-01-01 08:29:13.707,2019-01-01 08:29:13.707,8.316666666666666,2018-12-31,Monday,2018-12,23,8,2019-01-01 23:11:00.000,2019-01-02 06:23:00.000,14.95
29,92.0,,2019-01-02 06:23:00.000,2019-01-01 23:11:00.000,UTC-0500,2019-01-02 03:46:45.577,2019-01-02 03:46:45.577,7.2,2019-01-01,Tuesday,2019-01,23,3,,,
