,Date,walk_time_hour,count,calorie,distance,Duration_in_min
0,2018-11-29,10,132,5.79,101.05000000000001,1.9666666666666666
1,2018-11-29,11,41,1.68,27.77,1.9666666666666666
2,2018-11-29,14,101,4.21,71.76,5.8999999999999995
3,2018-11-29,15,51,2.06,31.87,1.9666666666666666
4,2018-11-29,16,67,2.8,47.81,2.9499999999999997
5,2018-11-29,17,108,4.54,78.339,3.933333333333333
6,2018-11-29,18,184,7.6899999999999995,130.959,6.883333333333333
7,2018-11-29,19,36,1.51,25.65,1.9666666666666666
8,2018-11-29,20,70,3.36,51.999,2.966666666666667
9,2018-11-29,21,49,1.9700000000000002,30.99,1.9666666666666666
10,2018-11-29,22,16,0.7,12.9,0.9833333333333333
11,2018-11-29,23,182,8.69,150.058999,7.95
12,2018-11-30,0,237,10.28,177.16,4.916666666666666
13,2018-11-30,3,16,0.63,11.19,0.9833333333333333
14,2018-11-30,11,70,2.96,49.12,2.9499999999999997
15,2018-11-30,13,108,4.449999979999999,75.87,6.9
16,2018-11-30,14,147,6.139999999999999,103.93,7.866666666666666
17,2018-11-30,15,116,5.04,92.43,4.916666666666666
18,2018-11-30,16,114,4.83,83.708,5.8999999999999995
19,2018-11-30,17,157,6.7700000000000005,118.35000000000001,6.883333333333333
20,2018-11-30,18,162,6.66,115.161,3.933333333333333
21,2018-11-30,19,46,1.8499999999999999,29.15,1.9666666666666666
22,2018-11-30,20,59,2.62,46.64,1.9666666666666666
23,2018-11-30,22,118,4.93,82.33,2.9499999999999997
24,2018-11-30,23,28,1.23,20.77,0.9833333333333333
25,2018-12-01,1,455,19.549999999999997,334.99100000000004,10.816666666666665
26,2018-12-01,2,39,1.54,27.878999999999998,1.9666666666666666
27,2018-12-01,14,24,1.36,21.450000000000003,2.0
28,2018-12-01,15,30,1.38000006,23.180001,1.9833333333333334
29,2018-12-01,16,87,3.81,67.2,2.9499999999999997
30,2018-12-01,17,76,3.2000001,54.14,2.966666666666667
31,2018-12-01,18,66,2.77000004,48.75999899999999,3.95
32,2018-12-01,19,177,7.38000006,122.13,3.9499999999999997
33,2018-12-01,22,68,2.90000007,49.42,3.95
34,2018-12-01,23,965,43.8,710.8109999999999,22.616666666666667
35,2018-12-02,0,631,35.23,414.64199999999994,15.733333333333327
36,2018-12-02,1,26,1.09999997,19.200000000000003,1.9833333333333334
37,2018-12-02,2,0,0.0,0.0,1.0
38,2018-12-02,3,62,2.7,47.98,2.9499999999999997
39,2018-12-02,4,30,1.28,21.3,0.9833333333333333
40,2018-12-02,5,56,2.37,42.16,1.9666666666666666
41,2018-12-02,6,43,1.76,29.78,1.9666666666666666
42,2018-12-02,13,220,9.36,161.0,6.9
43,2018-12-02,14,265,11.330000000000002,191.798,9.833333333333332
44,2018-12-02,15,225,9.740000129999999,175.23000100000002,9.866666666666665
45,2018-12-02,16,1030,44.27999929999999,812.8100039999999,22.900000000000002
46,2018-12-02,17,481,20.82,355.5199999999999,11.816666666666665
47,2018-12-02,18,45,1.84,29.93,1.9833333333333334
48,2018-12-02,19,1045,77.73,963.28,13.766666666666662
49,2018-12-02,20,2282,174.7199999999999,2028.7089999999998,28.516666666666673
50,2018-12-02,22,338,14.82,254.46,6.883333333333333
51,2018-12-02,23,236,10.209999999999999,176.85000000000002,11.799999999999997
52,2018-12-03,0,313,13.18,218.87,12.78333333333333
53,2018-12-03,1,95,3.9000000000000004,64.17,3.933333333333333
54,2018-12-03,2,248,10.399999999999999,172.239,8.85
55,2018-12-03,3,7,0.27,5.88,1.0
56,2018-12-03,6,41,1.6099999999999999,25.619999999999997,1.9666666666666666
57,2018-12-03,11,16,0.65,9.8,0.9833333333333333
58,2018-12-03,12,385,16.10999995,278.59299999999996,13.799999999999995
59,2018-12-03,13,263,11.530000000000001,193.63,5.916666666666666
60,2018-12-03,14,149,6.5,107.94,4.933333333333334
61,2018-12-03,15,200,8.969000000000001,159.56,2.9499999999999997
62,2018-12-03,16,52,2.28,39.08,0.9833333333333333
63,2018-12-03,17,226,9.7600001,170.0,6.9
64,2018-12-03,18,24,1.20000003,18.32,1.9833333333333334
65,2018-12-03,19,372,15.8,273.328,6.883333333333333
66,2018-12-03,20,1241,60.63,1001.2499999999999,35.40000000000001
67,2018-12-03,21,103,4.49,80.25,2.9499999999999997
68,2018-12-03,22,53,2.31,41.68,1.9666666666666666
69,2018-12-03,23,58,2.4,38.83,2.9499999999999997
70,2018-12-04,0,75,3.02,46.970000000000006,3.933333333333333
71,2018-12-04,1,304,13.01,217.76000000000002,8.85
72,2018-12-04,10,13,0.44,7.862999999999999,0.9833333333333333
73,2018-12-04,13,21,0.92,16.28,0.9833333333333333
74,2018-12-04,14,36,1.69,28.799999999999997,2.9833333333333334
75,2018-12-04,15,305,13.38,227.962,9.833333333333332
76,2018-12-04,17,83,3.61,63.330000000000005,5.8999999999999995
77,2018-12-04,18,100,4.31,75.05,3.933333333333333
78,2018-12-04,19,84,3.39,56.941,3.933333333333333
79,2018-12-04,20,730,32.180000199999995,545.198999,20.666666666666664
80,2018-12-04,21,55,2.4300002000000003,41.980004199999996,2.9833333333333334
81,2018-12-04,22,96,4.1,67.68,2.9499999999999997
82,2018-12-04,23,323,13.49,233.66299999999998,13.766666666666662
83,2018-12-05,0,203,9.020000000000001,164.749,4.916666666666666
84,2018-12-05,1,124,5.300000000000001,89.05999999999999,3.933333333333333
85,2018-12-05,2,266,11.620000000000001,199.73000000000002,8.85
86,2018-12-05,7,16,0.66,10.46,0.9833333333333333
87,2018-12-05,11,225,9.94,169.81,8.866666666666667
88,2018-12-05,12,861,41.07000000000001,678.148,18.68333333333333
89,2018-12-05,13,256,11.26,199.4,7.883333333333334
90,2018-12-05,14,6,0.24,5.04,1.0
91,2018-12-05,15,156,6.66,115.47,3.933333333333333
92,2018-12-05,16,422,18.06,316.25,12.78333333333333
93,2018-12-05,17,123,5.27,91.21,3.95
94,2018-12-05,19,424,17.84,308.09,5.8999999999999995
95,2018-12-05,20,14,0.6,11.030001,1.0
96,2018-12-05,22,146,6.440000000000001,112.762,5.8999999999999995
97,2018-12-05,23,127,5.74,91.63,4.916666666666666
98,2018-12-06,0,31,1.19,17.99,1.9666666666666666
99,2018-12-06,1,233,10.26,164.9,5.8999999999999995
100,2018-12-06,10,93,4.75,75.65899999999999,3.933333333333333
101,2018-12-06,11,48,2.43,35.71,1.9666666666666666
102,2018-12-06,13,106,4.6,80.58,4.916666666666666
103,2018-12-06,14,136,5.79,97.249,5.8999999999999995
104,2018-12-06,15,218,9.280000000000001,159.119,10.816666666666665
105,2018-12-06,16,318,13.149999999999999,222.52800000000002,8.85
106,2018-12-06,17,260,13.02,204.0,10.816666666666665
107,2018-12-06,18,129,5.720000000000001,101.44999999999999,3.933333333333333
108,2018-12-06,19,82,3.65,65.07,3.933333333333333
109,2018-12-06,20,105,4.53,77.64,4.916666666666666
110,2018-12-06,21,254,10.79,184.82,9.833333333333332
111,2018-12-06,22,90,3.98,71.81,1.9666666666666666
112,2018-12-06,23,86,3.4899999999999998,56.75,4.916666666666666
113,2018-12-07,0,53,2.34,41.72,1.9666666666666666
114,2018-12-07,1,38,1.56,25.41,1.9666666666666666
115,2018-12-07,2,389,16.53,272.339,10.816666666666665
116,2018-12-07,3,45,2.0,33.45,1.9666666666666666
117,2018-12-07,4,18,0.77,13.87,0.9833333333333333
118,2018-12-07,10,71,3.24,53.954,2.9499999999999997
119,2018-12-07,12,94,4.91,75.36,4.916666666666666
120,2018-12-07,14,107,4.36,72.749,3.933333333333333
121,2018-12-07,15,135,5.6899999999999995,97.16,6.883333333333333
122,2018-12-07,16,291,13.399999999999999,231.83699999999996,8.866666666666667
123,2018-12-07,17,142,6.5600000000000005,113.55099999999999,5.8999999999999995
124,2018-12-07,18,167,7.2299999999999995,127.46000000000001,7.866666666666666
125,2018-12-07,19,94,3.83,64.329,3.933333333333333
126,2018-12-07,20,62,2.57,44.218,1.9666666666666666
127,2018-12-07,21,148,6.1899999999999995,108.87,3.933333333333333
128,2018-12-07,22,39,1.77,32.36,1.9666666666666666
129,2018-12-07,23,204,8.540000000000001,143.76999999999998,5.8999999999999995
130,2018-12-08,0,114,4.79,83.18,3.933333333333333
131,2018-12-08,1,74,3.1,54.120000000000005,3.933333333333333
132,2018-12-08,2,341,14.54,240.46,7.866666666666666
133,2018-12-08,3,15,0.64,10.59,0.9833333333333333
134,2018-12-08,7,22,1.01,17.99,0.9833333333333333
135,2018-12-08,11,102,4.37000004,74.48999900000001,5.95
136,2018-12-08,13,206,8.959999999999999,152.82999999999998,6.883333333333333
137,2018-12-08,14,199,8.68,147.48,6.883333333333333
138,2018-12-08,15,1284,79.62,1032.6599999999999,18.68333333333333
139,2018-12-08,16,596,26.22,448.079,15.749999999999995
140,2018-12-08,17,854,43.59000000000001,698.526,12.78333333333333
141,2018-12-08,18,242,10.4,175.17999999999998,8.85
142,2018-12-08,19,38,1.6600000000000001,29.53,1.9666666666666666
143,2018-12-08,21,219,9.47,163.531,5.8999999999999995
144,2018-12-08,22,16,0.69,12.97,1.0
145,2018-12-08,23,318,14.809999999999999,250.02000300000003,8.866666666666667
146,2018-12-09,0,52,2.21,37.13,0.9833333333333333
147,2018-12-09,1,75,3.24,57.448,1.9666666666666666
148,2018-12-09,2,113,4.78,81.7,5.8999999999999995
149,2018-12-09,9,96,4.569,81.242,3.933333333333333
150,2018-12-09,11,13,0.55,10.031,0.9833333333333333
151,2018-12-09,14,319,13.3,227.748,11.799999999999997
152,2018-12-09,15,30,1.32,23.58,0.9833333333333333
153,2018-12-09,16,65,2.9699999999999998,54.43,1.9666666666666666
154,2018-12-09,17,65,2.73,46.379999999999995,2.9499999999999997
155,2018-12-09,18,130,5.5,91.28,4.916666666666666
156,2018-12-09,19,35,1.56,26.53,0.9833333333333333
157,2018-12-09,20,396,18.660000000000004,313.27,8.866666666666665
158,2018-12-09,21,523,22.66,423.48999699999996,13.88333333333333
159,2018-12-09,22,55,2.45,43.599999999999994,1.9666666666666666
160,2018-12-09,23,145,6.720000199999999,118.35,3.0
161,2018-12-10,0,620,26.109991499999996,491.95007599999997,9.0
162,2018-12-10,2,627,26.259999399999998,477.899005,11.916666666666664
163,2018-12-10,3,37,1.49,23.31,0.9833333333333333
164,2018-12-10,7,22,0.94,16.39,0.9833333333333333
165,2018-12-10,13,119,5.039999999999999,88.43900000000001,4.916666666666666
166,2018-12-10,14,19,0.86,15.53,0.9833333333333333
167,2018-12-10,15,448,19.330000000000002,327.397,9.833333333333332
168,2018-12-10,16,141,5.97,97.29,3.933333333333333
169,2018-12-10,17,233,9.69,163.76000000000002,7.866666666666666
170,2018-12-10,18,146,6.37,111.66,5.8999999999999995
171,2018-12-10,19,121,5.37,85.11,6.883333333333333
172,2018-12-10,20,45,2.04,37.19,1.9666666666666666
173,2018-12-10,21,425,17.860000000000003,304.77000000000004,12.78333333333333
174,2018-12-10,22,1441,73.27099999999999,1141.3580000000002,32.45000000000001
175,2018-12-10,23,826,42.18000000000001,548.3710000000001,17.699999999999996
176,2018-12-11,0,330,14.07,242.97699999999998,9.833333333333332
177,2018-12-11,1,375,16.07,274.16,8.866666666666667
178,2018-12-11,3,20,0.85,13.92,0.9833333333333333
179,2018-12-11,4,47,2.02,35.06,1.9666666666666666
180,2018-12-11,7,25,1.35,21.86,0.9833333333333333
181,2018-12-11,11,15,0.96,13.77,0.9833333333333333
182,2018-12-11,12,600,25.74,430.47999999999996,15.733333333333327
183,2018-12-11,13,115,6.88,105.10999949999999,5.966666666666667
184,2018-12-11,14,90,3.87,69.473,2.9499999999999997
185,2018-12-11,15,414,17.71,306.268,6.883333333333333
186,2018-12-11,17,258,11.0599995,197.58,5.933333333333334
187,2018-12-11,18,224,9.05,148.5,3.933333333333333
188,2018-12-11,19,205,8.551,145.433,2.9499999999999997
189,2018-12-11,20,876,41.1,663.787,15.733333333333327
190,2018-12-11,21,2768,164.42000000000002,2337.257,46.21666666666669
191,2018-12-11,22,334,16.479999999999997,266.05499999999995,7.883333333333333
192,2018-12-11,23,215,10.48,175.85000399999998,9.933333333333332
193,2018-12-12,0,45,2.35,37.64,2.9833333333333334
194,2018-12-12,1,221,10.28,163.95,7.866666666666666
195,2018-12-12,2,242,10.1,163.46,4.916666666666666
196,2018-12-12,3,24,0.94,14.27,0.9833333333333333
197,2018-12-12,8,69,2.88,48.81,3.933333333333333
198,2018-12-12,10,19,0.87,16.08,0.9833333333333333
199,2018-12-12,13,15,0.62000006,12.31,1.0
200,2018-12-12,15,52,2.14,38.641,1.9666666666666666
201,2018-12-12,16,157,6.82,120.8,5.8999999999999995
202,2018-12-12,17,290,12.46,208.89,12.78333333333333
203,2018-12-12,18,133,5.86,97.97999999999999,3.933333333333333
204,2018-12-12,19,50,2.07,34.949999999999996,1.9666666666666666
205,2018-12-12,20,102,4.3,76.419,4.916666666666666
206,2018-12-12,21,1327,62.58,977.1859999999999,34.41666666666668
207,2018-12-12,22,887,38.17,657.528,17.699999999999996
208,2018-12-12,23,85,3.43,57.81,3.95
209,2018-12-13,0,61,2.6399999999999997,46.510000000000005,1.9666666666666666
210,2018-12-13,1,29,1.26999996,21.9400003,2.0
211,2018-12-13,2,37,1.6099999999999999,28.490000000000002,1.9666666666666666
212,2018-12-13,6,35,1.51,24.73,1.9666666666666666
213,2018-12-13,10,36,1.65,30.950000000000003,1.9666666666666666
214,2018-12-13,11,102,4.16000007,68.600002,5.916666666666667
215,2018-12-13,12,551,23.520000000000003,399.34000000000003,13.799999999999997
216,2018-12-13,13,39,2.08,36.560002000000004,4.0
217,2018-12-13,14,320,13.72,237.04999999999998,6.883333333333333
218,2018-12-13,16,279,12.839999999999996,218.46000000000004,7.883333333333334
219,2018-12-13,17,101,4.41,76.26,4.916666666666666
220,2018-12-13,18,217,9.379999999999999,165.20000000000002,4.916666666666666
221,2018-12-13,19,192,7.970000000000001,134.42000000000002,4.916666666666666
222,2018-12-13,20,296,13.11000001,237.30000099999998,11.866666666666664
223,2018-12-13,21,61,3.01000013,51.649999,4.0
224,2018-12-13,22,226,10.81,180.14999999999998,7.95
225,2018-12-13,23,137,5.82,102.96000000000001,5.8999999999999995
226,2018-12-14,0,71,3.01,49.330000000000005,3.933333333333333
227,2018-12-14,1,330,14.16,241.10999999999999,9.833333333333332
228,2018-12-14,4,22,0.93,15.14,0.9833333333333333
229,2018-12-14,5,19,0.88,16.48,0.9833333333333333
230,2018-12-14,10,45,1.8900000000000001,32.71,1.9666666666666666
231,2018-12-14,11,20,0.88,15.41,0.9833333333333333
232,2018-12-14,12,199,8.74,152.37,4.916666666666666
233,2018-12-14,13,50,2.5,40.89,3.9833333333333334
234,2018-12-14,14,52,2.46,40.26,1.9833333333333334
235,2018-12-14,15,177,7.61,131.489,4.916666666666666
236,2018-12-14,16,130,5.59,96.82,3.933333333333333
237,2018-12-14,17,62,2.65,46.099999999999994,2.9499999999999997
238,2018-12-14,19,351,15.16,264.14,5.8999999999999995
239,2018-12-14,21,516,21.42,363.27,9.833333333333332
240,2018-12-14,22,92,3.87000001,72.54000099999999,6.983333333333333
241,2018-12-14,23,176,7.820000039999999,130.84,5.916666666666667
242,2018-12-15,0,57,2.4299999999999997,42.45,2.9499999999999997
243,2018-12-15,1,221,9.46,161.07,5.8999999999999995
244,2018-12-15,2,73,3.1199999999999997,56.81,3.966666666666667
245,2018-12-15,5,31,1.24,21.36,1.9666666666666666
246,2018-12-15,10,81,3.6999997999999996,67.759995,2.966666666666667
247,2018-12-15,13,51,2.16,37.260001,2.966666666666667
248,2018-12-15,15,282,12.000000000000002,204.43,9.833333333333332
249,2018-12-15,16,735,34.609999999999985,568.4300000000001,19.666666666666664
250,2018-12-15,17,1047,48.71,783.161,29.500000000000007
251,2018-12-15,18,88,3.61,62.59,2.9499999999999997
252,2018-12-15,20,16,0.65,10.99,0.9833333333333333
253,2018-12-15,21,73,3.17,55.149,3.933333333333333
254,2018-12-15,22,199,8.4,138.9,5.8999999999999995
255,2018-12-15,23,96,4.31,77.22,2.9499999999999997
256,2018-12-16,0,165,7.159999999999999,123.95999999999998,6.883333333333333
257,2018-12-16,1,383,16.76,280.51,7.866666666666666
258,2018-12-16,2,43,1.78,29.07,0.9833333333333333
259,2018-12-16,5,34,1.44,23.65,1.9666666666666666
260,2018-12-16,12,119,4.79,78.75,4.916666666666666
261,2018-12-16,13,270,11.510000000000002,197.89,9.833333333333332
262,2018-12-16,14,233,10.059999950000002,175.65000000000003,7.883333333333333
263,2018-12-16,15,636,31.0,527.2099999999999,15.866666666666667
264,2018-12-16,16,446,22.159998249999997,391.620009,11.966666666666665
265,2018-12-16,17,126,5.24,88.58,5.8999999999999995
266,2018-12-16,18,19,0.86,16.47,0.9833333333333333
267,2018-12-16,19,90,3.95,68.03,2.9499999999999997
268,2018-12-16,20,60,2.43,41.43,2.9499999999999997
269,2018-12-16,21,242,10.120000000000001,177.34900000000002,7.866666666666666
270,2018-12-16,22,126,5.33,92.44999999999999,5.8999999999999995
271,2018-12-17,0,180,7.47999998,125.56,7.883333333333334
272,2018-12-17,2,177,7.790000000000001,135.32,4.916666666666666
273,2018-12-17,11,165,6.93,116.53,5.933333333333334
274,2018-12-17,12,536,22.6999999,378.3490049999999,16.749999999999993
275,2018-12-17,13,144,6.93,116.12,3.95
276,2018-12-17,14,111,4.85,87.3,3.933333333333333
277,2018-12-17,15,493,21.56,377.16,7.866666666666666
278,2018-12-17,16,142,6.04,106.669,3.933333333333333
279,2018-12-17,17,72,3.14,56.06,1.9666666666666666
280,2018-12-17,18,152,6.8500000000000005,123.74000000000001,3.933333333333333
281,2018-12-17,19,145,6.34,113.63999999999999,1.9666666666666666
282,2018-12-17,20,168,7.33,130.322,5.916666666666667
283,2018-12-17,21,41,1.7999999,33.590002,2.0
284,2018-12-17,22,33,1.43,23.73,1.9833333333333334
285,2018-12-17,23,107,4.79,84.93,3.95
286,2018-12-18,0,53,2.2400001,41.42,3.9833333333333334
287,2018-12-18,1,661,28.870000000000008,504.1000000000001,21.633333333333333
288,2018-12-18,2,125,6.01,100.6,5.95
289,2018-12-18,3,182,8.34,141.26000000000002,4.933333333333334
290,2018-12-18,4,228,9.61,164.33899999999997,9.833333333333332
291,2018-12-18,13,129,5.96,110.299991,2.9833333333333334
292,2018-12-18,14,5,0.5,5.9,1.0
293,2018-12-18,15,270,11.73999998,208.149,5.916666666666667
294,2018-12-18,16,81,3.3699999700000003,57.870000000000005,3.966666666666667
295,2018-12-18,17,163,7.049999999999999,124.43999999999998,4.95
296,2018-12-18,18,133,5.61,94.33,4.916666666666666
297,2018-12-18,20,547,24.380000000000003,435.5,9.833333333333332
298,2018-12-18,21,2623,150.39000000000001,2238.3010000000004,45.233333333333356
299,2018-12-18,22,601,26.579999999999995,463.42999999999995,12.799999999999997
300,2018-12-18,23,220,10.069999999999999,174.859,7.9
301,2018-12-19,0,229,9.78999998,168.0900003,9.866666666666665
302,2018-12-19,2,262,11.0,183.16000000000003,10.816666666666665
303,2018-12-19,5,16,0.56,8.861,0.9833333333333333
304,2018-12-19,12,22,0.93,14.7,0.9833333333333333
305,2018-12-19,15,103,4.38,73.88999999999999,2.9499999999999997
306,2018-12-19,16,167,6.94,116.99999999999999,6.883333333333333
307,2018-12-19,17,264,11.17,191.98899999999998,10.833333333333332
308,2018-12-19,18,734,38.420000200000004,480.1690029999999,17.71666666666666
309,2018-12-19,19,73,3.03,49.43,4.916666666666666
310,2018-12-19,20,102,4.42,77.82,3.933333333333333
311,2018-12-19,21,122,5.13,88.1,5.8999999999999995
312,2018-12-19,22,121,5.3999999999999995,96.64999999999999,3.933333333333333
313,2018-12-19,23,63,2.5700000399999996,48.611,2.9833333333333334
314,2018-12-20,2,7,0.32,5.2,0.9833333333333333
315,2018-12-20,3,112,4.629999999999999,77.341,4.933333333333334
316,2018-12-20,4,49,1.97,30.83,0.9833333333333333
317,2018-12-20,11,18,0.83,15.55,0.9833333333333333
318,2018-12-20,12,528,22.35999995,382.25600000000003,14.76666666666666
319,2018-12-20,13,84,4.87,76.15,4.0
320,2018-12-20,14,118,5.12,90.19800000000001,1.9666666666666666
321,2018-12-20,15,259,10.83,187.66899999999998,6.883333333333333
322,2018-12-20,16,275,11.780000000000001,203.18099999999998,5.916666666666666
323,2018-12-20,17,75,3.12,52.47,2.9499999999999997
324,2018-12-20,20,3209,206.61099999999996,2845.167,44.25000000000002
325,2018-12-20,21,377,16.069,283.944,10.816666666666665
326,2018-12-20,22,60,2.53,40.58,2.9499999999999997
327,2018-12-20,23,139,7.44999946,122.44000599999998,5.966666666666667
328,2018-12-21,0,131,5.46,90.47000000000001,6.883333333333333
329,2018-12-21,1,130,5.43,89.86,5.8999999999999995
330,2018-12-21,2,119,4.93,77.74,3.933333333333333
331,2018-12-21,13,224,9.24,157.121,8.85
332,2018-12-21,14,21,0.85,13.55,0.9833333333333333
333,2018-12-21,17,112,4.989999999999999,91.26999999999998,5.8999999999999995
334,2018-12-21,18,178,7.39,123.17,7.866666666666666
335,2018-12-21,19,68,2.9000000000000004,50.64,3.933333333333333
336,2018-12-21,21,60,2.46,40.56999999999999,2.9499999999999997
337,2018-12-21,22,94,4.05,71.44,4.916666666666666
338,2018-12-21,23,94,4.01,68.2,2.9499999999999997
339,2018-12-22,0,107,4.56,78.69,4.933333333333334
340,2018-12-22,1,174,7.309999999999999,123.39100000000002,7.883333333333333
341,2018-12-22,2,61,2.6100000000000003,46.839999999999996,2.9833333333333334
342,2018-12-22,3,113,4.84,80.85,4.916666666666666
343,2018-12-22,14,219,9.22,156.15,8.85
344,2018-12-22,15,124,5.22,86.94,4.916666666666666
345,2018-12-22,16,632,28.069999999999993,485.02,16.78333333333333
346,2018-12-22,17,55,2.91,48.520002000000005,2.9833333333333334
347,2018-12-22,18,169,8.08000004,132.1500004,12.933333333333334
348,2018-12-22,19,961,40.0399999,754.2699990000001,13.0
349,2018-12-22,20,36,1.59,31.73,1.0
350,2018-12-22,21,117,4.73,76.92999999999999,5.916666666666667
351,2018-12-22,22,10,0.49,8.88,1.0
352,2018-12-22,23,308,13.321,232.641,6.9
353,2018-12-23,1,16,0.68,11.66,0.9833333333333333
354,2018-12-23,2,81,3.4499999999999997,56.75,1.9666666666666666
355,2018-12-23,11,17,0.75,14.57,0.9833333333333333
356,2018-12-23,13,96,4.04,67.01299999999999,4.916666666666666
357,2018-12-23,14,36,1.56,27.880000000000003,1.9666666666666666
358,2018-12-23,16,120,5.149000000000001,83.09,5.8999999999999995
359,2018-12-23,17,302,12.81,218.42899999999995,10.816666666666665
360,2018-12-23,18,116,4.88,80.69,3.933333333333333
361,2018-12-23,20,17,0.7,12.11,0.9833333333333333
362,2018-12-23,21,15,0.6,10.16,0.9833333333333333
363,2018-12-23,22,88,3.7300000000000004,65.269,3.933333333333333
364,2018-12-23,23,72,3.0100000000000002,52.827,2.9499999999999997
365,2018-12-24,1,30,1.2999999999999998,24.72,1.9833333333333334
366,2018-12-24,2,50,3.4499997000000002,52.34,3.0
367,2018-12-24,3,214,9.229,160.629,8.883333333333333
368,2018-12-24,5,17,0.7,11.9,0.9833333333333333
369,2018-12-24,9,21,0.93,15.94,1.9666666666666666
370,2018-12-24,13,33,1.3599999999999999,21.62,1.9666666666666666
371,2018-12-24,15,15,0.65,12.39,1.0
372,2018-12-24,16,376,16.22,283.44199999999995,8.85
373,2018-12-24,17,793,34.31,646.3399999999999,14.916666666666668
374,2018-12-24,18,705,30.259999999999998,576.258998,14.983333333333333
375,2018-12-24,19,208,9.01,151.091,7.883333333333334
376,2018-12-24,21,98,4.08,69.93,4.916666666666666
377,2018-12-24,22,39,1.7000000000000002,29.200000000000003,2.966666666666667
378,2018-12-24,23,298,12.440000000000001,229.46999999999997,12.899999999999997
379,2018-12-25,0,179,7.42,125.43,6.883333333333333
380,2018-12-25,1,45,1.8900000000000001,31.37,1.9666666666666666
381,2018-12-25,2,166,7.3100000000000005,128.59,5.8999999999999995
382,2018-12-25,3,41,1.6600000000000001,27.82,2.9499999999999997
383,2018-12-25,6,19,0.75,11.32,0.9833333333333333
384,2018-12-25,12,52,2.07,35.772,2.966666666666667
385,2018-12-25,13,472,19.779999999999998,330.98,17.733333333333327
386,2018-12-25,14,76,3.3200000000000003,59.56,2.9499999999999997
387,2018-12-25,15,83,3.4299999999999997,55.059999999999995,3.933333333333333
388,2018-12-25,17,76,3.33,58.17,2.9499999999999997
389,2018-12-25,18,129,5.4799999999999995,93.25999999999999,3.933333333333333
390,2018-12-25,19,36,1.6700000000000002,30.1,1.9666666666666666
391,2018-12-25,20,82,3.5,58.5,3.933333333333333
392,2018-12-25,21,61,2.64,46.72,2.9499999999999997
393,2018-12-25,22,271,11.26,186.99,7.866666666666666
394,2018-12-25,23,442,19.830000000000002,355.620005,7.0
395,2018-12-26,1,109,4.66,80.59,2.966666666666667
396,2018-12-26,2,289,12.44,214.60100000000003,11.83333333333333
397,2018-12-26,14,337,14.020000000000001,230.68,15.733333333333327
398,2018-12-26,15,97,4.08,68.6,2.9499999999999997
399,2018-12-26,16,329,14.780000099999999,245.69299699999996,8.883333333333333
400,2018-12-26,17,72,3.34,56.483,2.966666666666667
401,2018-12-26,18,55,2.9799997,48.0499998,3.0
402,2018-12-26,19,35,1.5,28.3,2.0
403,2018-12-26,20,120,5.090000000000001,87.32000000000001,6.883333333333333
404,2018-12-26,21,177,7.6299999,142.93,6.933333333333334
405,2018-12-26,22,719,31.081,537.31,21.633333333333333
406,2018-12-26,23,3187,195.10999999999996,2853.131,44.25000000000002
407,2018-12-27,0,426,18.1,313.92900099999997,11.83333333333333
408,2018-12-27,1,126,5.8,101.19000039999999,5.916666666666667
409,2018-12-27,2,93,4.57000015,78.740001,7.983333333333333
410,2018-12-27,3,87,3.80000006,72.85,2.966666666666667
411,2018-12-27,8,13,0.55,10.25,0.9833333333333333
412,2018-12-27,10,21,0.94,16.26,0.9833333333333333
413,2018-12-27,13,40,1.61,26.18,0.9833333333333333
414,2018-12-27,14,246,10.37000006,181.45999999999998,11.816666666666665
415,2018-12-27,15,628,27.549999999999997,466.1,17.766666666666662
416,2018-12-27,16,926,38.88999999999999,655.857,25.56666666666667
417,2018-12-27,17,100,4.13,69.72,3.933333333333333
418,2018-12-27,18,60,2.6,45.24,2.9499999999999997
419,2018-12-27,19,115,4.82,82.41999999999999,5.8999999999999995
420,2018-12-27,20,86,3.6399999999999997,61.04,3.933333333333333
421,2018-12-27,21,162,6.760000000000001,115.06,6.883333333333333
422,2018-12-27,22,948,47.050000000000004,635.132,21.633333333333333
423,2018-12-27,23,193,7.989999999999998,131.99800000000002,6.883333333333333
424,2018-12-28,0,58,2.45,42.15,2.9499999999999997
425,2018-12-28,1,189,7.909999999999999,133.25,7.866666666666666
426,2018-12-28,3,112,4.699999999999999,77.88000000000001,3.933333333333333
427,2018-12-28,12,16,0.66,11.54,0.9833333333333333
428,2018-12-28,14,163,6.720000000000001,114.214,4.916666666666666
429,2018-12-28,16,76,3.26,59.91,2.966666666666667
430,2018-12-28,17,237,10.120000099999999,164.74,3.966666666666667
431,2018-12-28,18,35,1.4899999999999998,27.51,3.0
432,2018-12-28,19,91,3.7799999799999995,65.860001,5.95
433,2018-12-28,21,238,10.11,174.26000000000002,5.916666666666667
434,2018-12-28,22,22,0.99,17.6,0.9833333333333333
435,2018-12-28,23,74,2.96,58.852999999999994,1.9833333333333334
436,2018-12-29,0,292,12.9699999,223.81999800000006,12.816666666666663
437,2018-12-29,1,23,0.92,15.52,0.9833333333333333
438,2018-12-29,2,153,6.48,109.17,5.916666666666666
439,2018-12-29,7,15,0.58,8.03,0.9833333333333333
440,2018-12-29,13,126,5.27,89.89,5.8999999999999995
441,2018-12-29,14,48,2.18,36.66,0.9833333333333333
442,2018-12-29,15,21,0.89,16.92,0.9833333333333333
443,2018-12-29,16,14,0.62000006,10.559999,1.0
444,2018-12-29,17,61,2.37,40.855,2.9499999999999997
445,2018-12-29,18,219,9.11,151.20600000000002,7.866666666666666
446,2018-12-29,19,246,10.83,189.86,7.866666666666666
447,2018-12-29,22,62,2.66,46.44,3.933333333333333
448,2018-12-29,23,440,18.8700001,323.915002,11.83333333333333
449,2018-12-30,0,1438,61.75000000000001,1068.6210000000003,37.36666666666668
450,2018-12-30,1,27,1.32,23.7,1.9833333333333334
451,2018-12-30,3,163,6.92,117.223,5.8999999999999995
452,2018-12-30,13,133,5.59,97.987,5.8999999999999995
453,2018-12-30,14,334,14.110999999999999,240.594,11.799999999999997
454,2018-12-30,15,638,26.830000000000005,500.387,16.849999999999994
455,2018-12-30,16,40,1.83,33.520001,1.9833333333333334
456,2018-12-30,17,112,4.84,84.94999999999999,6.883333333333333
457,2018-12-30,18,10,0.42999998,7.5899990000000015,1.0
458,2018-12-30,19,184,7.7,133.78000000000003,7.866666666666666
459,2018-12-30,20,192,8.471,150.226,4.916666666666666
460,2018-12-30,21,39,1.63,31.04,2.0
461,2018-12-30,23,41,1.74,31.1,2.0
462,2018-12-31,0,95,4.01,67.023,3.933333333333333
463,2018-12-31,1,120,5.8100001,93.04000099999999,3.9499999999999997
464,2018-12-31,2,137,5.82,101.58,5.8999999999999995
465,2018-12-31,5,24,1.041,16.852,0.9833333333333333
466,2018-12-31,13,50,2.0489999699999997,37.11099900000001,2.966666666666667
467,2018-12-31,14,137,5.8000001,101.30000100000001,6.8999999999999995
468,2018-12-31,15,119,5.0,86.03999999999999,2.9499999999999997
469,2018-12-31,17,175,7.721,137.73,5.8999999999999995
470,2018-12-31,18,350,14.40999997,243.1700014,16.766666666666662
471,2018-12-31,19,95,4.1,73.32000000000001,2.966666666666667
472,2018-12-31,20,187,8.14,139.78199999999998,8.866666666666667
473,2018-12-31,21,135,6.419999300000001,108.689998,4.966666666666667
474,2018-12-31,23,160,6.779999999999999,122.71,4.966666666666667
475,2019-01-01,0,241,10.36,181.26999999999998,6.883333333333333
476,2019-01-01,1,48,1.8599999999999999,32.917,1.9666666666666666
477,2019-01-01,2,258,11.1,194.78199999999998,5.8999999999999995
478,2019-01-01,4,17,0.75,13.86,0.9833333333333333
479,2019-01-01,14,15,0.68000007,12.91,1.0
480,2019-01-01,16,71,3.02,50.965999999999994,2.9499999999999997
481,2019-01-01,17,249,11.43,189.362,7.933333333333333
482,2019-01-01,18,389,19.259999200000003,280.91000099999997,8.95
483,2019-01-01,19,135,5.55,95.08,4.916666666666666
484,2019-01-01,20,60,2.71,44.620000000000005,3.95
485,2019-01-01,21,271,11.059999999999999,191.22,10.816666666666665
486,2019-01-01,22,201,10.23,157.63,6.9
487,2019-01-01,23,128,5.25,90.52,5.916666666666666
488,2019-01-02,0,31,1.13,20.189999999999998,1.9666666666666666
489,2019-01-02,1,78,3.05,55.349999999999994,2.9499999999999997
490,2019-01-02,2,129,5.08,85.55000000000001,5.916666666666667
491,2019-01-02,3,77,3.1799999999999997,54.74,3.95
492,2019-01-02,4,165,6.590000000000001,109.89000000000001,4.916666666666666
493,2019-01-02,8,30,1.17,18.85,0.9833333333333333
494,2019-01-02,11,68,2.78,48.260000000000005,3.9499999999999997
495,2019-01-02,12,500,20.959999999999997,357.56000000000006,11.833333333333332
496,2019-01-02,13,111,4.9999999,86.18000500000001,5.95
497,2019-01-02,14,146,5.640000000000001,93.32000000000001,4.916666666666666
498,2019-01-02,15,113,4.78,82.46,3.933333333333333
499,2019-01-02,16,196,8.0,135.44,6.883333333333333
500,2019-01-02,17,74,3.09,50.900000000000006,2.9499999999999997
501,2019-01-02,18,161,6.58,113.40999999999998,4.916666666666666
502,2019-01-02,19,135,5.389999999999999,88.85000000000001,2.9499999999999997
503,2019-01-02,21,738,41.03,596.26,12.78333333333333
504,2019-01-02,22,2407,142.06,1895.2900000000002,40.316666666666684
505,2019-01-02,23,574,28.84999991,473.159999,8.933333333333334
506,2019-01-03,0,1617,66.5599993,1275.3199840000002,18.0
